Date,PAXG-USD_price
2019-09-26 00:00:00+00:00,1516.5106201171875
2019-09-27 00:00:00+00:00,1528.739990234375
2019-09-28 00:00:00+00:00,1525.7178955078125
2019-09-29 00:00:00+00:00,1528.8665771484375
2019-09-30 00:00:00+00:00,1513.8780517578125
2019-10-01 00:00:00+00:00,1499.5137939453125
2019-10-02 00:00:00+00:00,1466.4097900390625
2019-10-03 00:00:00+00:00,1496.9918212890625
2019-10-04 00:00:00+00:00,1510.148193359375
2019-10-05 00:00:00+00:00,1497.5797119140625
2019-10-06 00:00:00+00:00,1535.4833984375
2019-10-07 00:00:00+00:00,1532.6455078125
2019-10-08 00:00:00+00:00,1530.3182373046875
2019-10-09 00:00:00+00:00,1520.4644775390625
2019-10-10 00:00:00+00:00,1534.4639892578125
2019-10-11 00:00:00+00:00,1538.6441650390625
2019-10-12 00:00:00+00:00,1518.955810546875
2019-10-13 00:00:00+00:00,1530.8951416015625
2019-10-14 00:00:00+00:00,1538.9613037109375
2019-10-15 00:00:00+00:00,1532.95361328125
2019-10-16 00:00:00+00:00,1525.372802734375
2019-10-17 00:00:00+00:00,1513.2073974609375
2019-10-18 00:00:00+00:00,1521.9437255859375
2019-10-19 00:00:00+00:00,1526.0347900390625
2019-10-20 00:00:00+00:00,1531.0445556640625
2019-10-21 00:00:00+00:00,1528.12646484375
2019-10-22 00:00:00+00:00,1513.975341796875
2019-10-23 00:00:00+00:00,1498.958984375
2019-10-24 00:00:00+00:00,1484.32080078125
2019-10-25 00:00:00+00:00,1520.5
2019-10-26 00:00:00+00:00,1509.3011474609375
2019-10-27 00:00:00+00:00,1514.4765625
2019-10-28 00:00:00+00:00,1512.3568115234375
2019-10-29 00:00:00+00:00,1541.06689453125
2019-10-30 00:00:00+00:00,1501.7607421875
2019-10-31 00:00:00+00:00,1493.3623046875
2019-11-01 00:00:00+00:00,1522.9644775390625
2019-11-02 00:00:00+00:00,1519.135009765625
2019-11-03 00:00:00+00:00,1487.9876708984375
2019-11-04 00:00:00+00:00,1482.6068115234375
2019-11-05 00:00:00+00:00,1481.16357421875
2019-11-06 00:00:00+00:00,1510.1864013671875
2019-11-07 00:00:00+00:00,1486.2421875
2019-11-08 00:00:00+00:00,1453.8272705078125
2019-11-09 00:00:00+00:00,1451.631591796875
2019-11-10 00:00:00+00:00,1457.079833984375
2019-11-11 00:00:00+00:00,1458.7940673828125
2019-11-12 00:00:00+00:00,1456.843017578125
2019-11-13 00:00:00+00:00,1484.54638671875
2019-11-14 00:00:00+00:00,1485.2369384765625
2019-11-15 00:00:00+00:00,1556.331787109375
2019-11-16 00:00:00+00:00,1559.512939453125
2019-11-17 00:00:00+00:00,1428.54296875
2019-11-18 00:00:00+00:00,1523.8961181640625
2019-11-19 00:00:00+00:00,1497.2760009765625
2019-11-20 00:00:00+00:00,1458.6798095703125
2019-11-21 00:00:00+00:00,1462.4930419921875
2019-11-22 00:00:00+00:00,1469.2987060546875
2019-11-23 00:00:00+00:00,1525.0821533203125
2019-11-24 00:00:00+00:00,1474.6900634765625
2019-11-25 00:00:00+00:00,1476.105712890625
2019-11-26 00:00:00+00:00,1536.0662841796875
2019-11-27 00:00:00+00:00,1470.0777587890625
2019-11-28 00:00:00+00:00,1469.455078125
2019-11-29 00:00:00+00:00,1469.633056640625
2019-11-30 00:00:00+00:00,1467.6112060546875
2019-12-01 00:00:00+00:00,1471.2998046875
2019-12-02 00:00:00+00:00,1470.71484375
2019-12-03 00:00:00+00:00,1469.796875
2019-12-04 00:00:00+00:00,1480.116455078125
2019-12-05 00:00:00+00:00,1494.8607177734375
2019-12-06 00:00:00+00:00,1486.3216552734375
2019-12-07 00:00:00+00:00,1488.984619140625
2019-12-08 00:00:00+00:00,1490.0419921875
2019-12-09 00:00:00+00:00,1484.8389892578125
2019-12-10 00:00:00+00:00,1489.0789794921875
2019-12-11 00:00:00+00:00,1480.416259765625
2019-12-12 00:00:00+00:00,1486.384033203125
2019-12-13 00:00:00+00:00,1458.1776123046875
2019-12-14 00:00:00+00:00,1489.3924560546875
2019-12-15 00:00:00+00:00,1485.7901611328125
2019-12-16 00:00:00+00:00,1488.5362548828125
2019-12-17 00:00:00+00:00,1463.868896484375
2019-12-18 00:00:00+00:00,1471.6014404296875
2019-12-19 00:00:00+00:00,1480.810791015625
2019-12-20 00:00:00+00:00,1474.9786376953125
2019-12-21 00:00:00+00:00,1476.2301025390625
2019-12-22 00:00:00+00:00,1486.8880615234375
2019-12-23 00:00:00+00:00,1470.9344482421875
2019-12-24 00:00:00+00:00,1483.7904052734375
2019-12-25 00:00:00+00:00,1489.5716552734375
2019-12-26 00:00:00+00:00,1480.0135498046875
2019-12-27 00:00:00+00:00,1524.7271728515625
2019-12-28 00:00:00+00:00,1514.8536376953125
2019-12-29 00:00:00+00:00,1536.4251708984375
2019-12-30 00:00:00+00:00,1540.394775390625
2019-12-31 00:00:00+00:00,1532.9163818359375
2020-01-01 00:00:00+00:00,1528.142333984375
2020-01-02 00:00:00+00:00,1525.2001953125
2020-01-03 00:00:00+00:00,1537.1595458984375
2020-01-04 00:00:00+00:00,1546.6805419921875
2020-01-05 00:00:00+00:00,1547.7525634765625
2020-01-06 00:00:00+00:00,1539.7396240234375
2020-01-07 00:00:00+00:00,1538.2786865234375
2020-01-08 00:00:00+00:00,1575.6014404296875
2020-01-09 00:00:00+00:00,1567.3685302734375
2020-01-10 00:00:00+00:00,1514.934814453125
2020-01-11 00:00:00+00:00,1520.1243896484375
2020-01-12 00:00:00+00:00,1523.79736328125
2020-01-13 00:00:00+00:00,1527.7645263671875
2020-01-14 00:00:00+00:00,1568.9803466796875
2020-01-15 00:00:00+00:00,1521.4761962890625
2020-01-16 00:00:00+00:00,1515.41064453125
2020-01-17 00:00:00+00:00,1589.6785888671875
2020-01-18 00:00:00+00:00,1592.0428466796875
2020-01-19 00:00:00+00:00,1583.7080078125
2020-01-20 00:00:00+00:00,1592.1063232421875
2020-01-21 00:00:00+00:00,1583.8443603515625
2020-01-22 00:00:00+00:00,1578.7564697265625
2020-01-23 00:00:00+00:00,1583.282470703125
2020-01-24 00:00:00+00:00,1589.5230712890625
2020-01-25 00:00:00+00:00,1587.3934326171875
2020-01-26 00:00:00+00:00,1591.1571044921875
2020-01-27 00:00:00+00:00,1591.45458984375
2020-01-28 00:00:00+00:00,1588.9049072265625
2020-01-29 00:00:00+00:00,1591.6414794921875
2020-01-30 00:00:00+00:00,1592.7889404296875
2020-01-31 00:00:00+00:00,1596.103515625
2020-02-01 00:00:00+00:00,1594.5830078125
2020-02-02 00:00:00+00:00,1605.8009033203125
2020-02-03 00:00:00+00:00,1603.1064453125
2020-02-04 00:00:00+00:00,1595.6234130859375
2020-02-05 00:00:00+00:00,1611.8865966796875
2020-02-06 00:00:00+00:00,1572.9483642578125
2020-02-07 00:00:00+00:00,1575.113525390625
2020-02-08 00:00:00+00:00,1570.3338623046875
2020-02-09 00:00:00+00:00,1601.4228515625
2020-02-10 00:00:00+00:00,1584.0703125
2020-02-11 00:00:00+00:00,1583.1507568359375
2020-02-12 00:00:00+00:00,1591.22314453125
2020-02-13 00:00:00+00:00,1587.8668212890625
2020-02-14 00:00:00+00:00,1593.3890380859375
2020-02-15 00:00:00+00:00,1590.3563232421875
2020-02-16 00:00:00+00:00,1588.894775390625
2020-02-17 00:00:00+00:00,1590.6390380859375
2020-02-18 00:00:00+00:00,1540.74462890625
2020-02-19 00:00:00+00:00,1539.9578857421875
2020-02-20 00:00:00+00:00,1552.8958740234375
2020-02-21 00:00:00+00:00,1584.84423828125
2020-02-22 00:00:00+00:00,1586.3673095703125
2020-02-23 00:00:00+00:00,1638.93115234375
2020-02-24 00:00:00+00:00,1666.6015625
2020-02-25 00:00:00+00:00,1655.5692138671875
2020-02-26 00:00:00+00:00,1663.5733642578125
2020-02-27 00:00:00+00:00,1679.1419677734375
2020-02-28 00:00:00+00:00,1619.408447265625
2020-02-29 00:00:00+00:00,1621.6328125
2020-03-01 00:00:00+00:00,1610.02294921875
2020-03-02 00:00:00+00:00,1615.334228515625
2020-03-03 00:00:00+00:00,1643.9957275390625
2020-03-04 00:00:00+00:00,1641.4256591796875
2020-03-05 00:00:00+00:00,1644.9027099609375
2020-03-06 00:00:00+00:00,1656.5689697265625
2020-03-07 00:00:00+00:00,1665.3897705078125
2020-03-08 00:00:00+00:00,1678.5872802734375
2020-03-09 00:00:00+00:00,1630.663818359375
2020-03-10 00:00:00+00:00,1635.7491455078125
2020-03-11 00:00:00+00:00,1645.1376953125
2020-03-12 00:00:00+00:00,1606.3365478515625
2020-03-13 00:00:00+00:00,1587.81103515625
2020-03-14 00:00:00+00:00,1558.6951904296875
2020-03-15 00:00:00+00:00,1578.4432373046875
2020-03-16 00:00:00+00:00,1547.8795166015625
2020-03-17 00:00:00+00:00,1543.072265625
2020-03-18 00:00:00+00:00,1513.4893798828125
2020-03-19 00:00:00+00:00,1549.28564453125
2020-03-20 00:00:00+00:00,1524.3834228515625
2020-03-21 00:00:00+00:00,1574.307861328125
2020-03-22 00:00:00+00:00,1532.9365234375
2020-03-23 00:00:00+00:00,1598.8077392578125
2020-03-24 00:00:00+00:00,1654.79736328125
2020-03-25 00:00:00+00:00,1627.01953125
2020-03-26 00:00:00+00:00,1697.147216796875
2020-03-27 00:00:00+00:00,1644.7734375
2020-03-28 00:00:00+00:00,1650.3267822265625
2020-03-29 00:00:00+00:00,1660.1658935546875
2020-03-30 00:00:00+00:00,1654.2078857421875
2020-03-31 00:00:00+00:00,1644.364990234375
2020-04-01 00:00:00+00:00,1629.5611572265625
2020-04-02 00:00:00+00:00,1738.367431640625
2020-04-03 00:00:00+00:00,1733.380859375
2020-04-04 00:00:00+00:00,1766.8377685546875
2020-04-05 00:00:00+00:00,1733.60546875
2020-04-06 00:00:00+00:00,1769.737548828125
2020-04-07 00:00:00+00:00,1637.3746337890625
2020-04-08 00:00:00+00:00,1661.3740234375
2020-04-09 00:00:00+00:00,1664.0692138671875
2020-04-10 00:00:00+00:00,1686.55029296875
2020-04-11 00:00:00+00:00,1686.7381591796875
2020-04-12 00:00:00+00:00,1696.128662109375
2020-04-13 00:00:00+00:00,1705.8741455078125
2020-04-14 00:00:00+00:00,1779.06884765625
2020-04-15 00:00:00+00:00,1736.567626953125
2020-04-16 00:00:00+00:00,1734.8365478515625
2020-04-17 00:00:00+00:00,1731.8062744140625
2020-04-18 00:00:00+00:00,1697.5467529296875
2020-04-19 00:00:00+00:00,1709.9832763671875
2020-04-20 00:00:00+00:00,1724.00732421875
2020-04-21 00:00:00+00:00,1721.205322265625
2020-04-22 00:00:00+00:00,1707.2684326171875
2020-04-23 00:00:00+00:00,1722.895263671875
2020-04-24 00:00:00+00:00,1740.2562255859375
2020-04-25 00:00:00+00:00,1747.7781982421875
2020-04-26 00:00:00+00:00,1739.625732421875
2020-04-27 00:00:00+00:00,1722.4619140625
2020-04-28 00:00:00+00:00,1726.5076904296875
2020-04-29 00:00:00+00:00,1739.4959716796875
2020-04-30 00:00:00+00:00,1697.923095703125
2020-05-01 00:00:00+00:00,1741.49365234375
2020-05-02 00:00:00+00:00,1719.19873046875
2020-05-03 00:00:00+00:00,1706.999267578125
2020-05-04 00:00:00+00:00,1716.0224609375
2020-05-05 00:00:00+00:00,1696.5908203125
2020-05-06 00:00:00+00:00,1696.015625
2020-05-07 00:00:00+00:00,1706.03271484375
2020-05-08 00:00:00+00:00,1730.7042236328125
2020-05-09 00:00:00+00:00,1712.854248046875
2020-05-10 00:00:00+00:00,1714.517333984375
2020-05-11 00:00:00+00:00,1699.5562744140625
2020-05-12 00:00:00+00:00,1705.512451171875
2020-05-13 00:00:00+00:00,1717.1756591796875
2020-05-14 00:00:00+00:00,1732.39306640625
2020-05-15 00:00:00+00:00,1735.5140380859375
2020-05-16 00:00:00+00:00,1753.4154052734375
2020-05-17 00:00:00+00:00,1764.3348388671875
2020-05-18 00:00:00+00:00,1743.7989501953125
2020-05-19 00:00:00+00:00,1764.936767578125
2020-05-20 00:00:00+00:00,1776.000732421875
2020-05-21 00:00:00+00:00,1748.4761962890625
2020-05-22 00:00:00+00:00,1745.8372802734375
2020-05-23 00:00:00+00:00,1742.186279296875
2020-05-24 00:00:00+00:00,1734.583984375
2020-05-25 00:00:00+00:00,1727.1448974609375
2020-05-26 00:00:00+00:00,1719.2867431640625
2020-05-27 00:00:00+00:00,1712.9774169921875
2020-05-28 00:00:00+00:00,1737.7484130859375
2020-05-29 00:00:00+00:00,1746.740234375
2020-05-30 00:00:00+00:00,1738.2021484375
2020-05-31 00:00:00+00:00,1749.81005859375
2020-06-01 00:00:00+00:00,1735.5780029296875
2020-06-02 00:00:00+00:00,1726.568603515625
2020-06-03 00:00:00+00:00,1701.7254638671875
2020-06-04 00:00:00+00:00,1719.58935546875
2020-06-05 00:00:00+00:00,1703.3934326171875
2020-06-06 00:00:00+00:00,1689.4002685546875
2020-06-07 00:00:00+00:00,1687.1864013671875
2020-06-08 00:00:00+00:00,1697.6798095703125
2020-06-09 00:00:00+00:00,1717.2918701171875
2020-06-10 00:00:00+00:00,1733.497802734375
2020-06-11 00:00:00+00:00,1722.0684814453125
2020-06-12 00:00:00+00:00,1704.48486328125
2020-06-13 00:00:00+00:00,1711.33349609375
2020-06-14 00:00:00+00:00,1715.3995361328125
2020-06-15 00:00:00+00:00,1787.9598388671875
2020-06-16 00:00:00+00:00,1793.9517822265625
2020-06-17 00:00:00+00:00,1734.54638671875
2020-06-18 00:00:00+00:00,1748.5233154296875
2020-06-19 00:00:00+00:00,1784.7269287109375
2020-06-20 00:00:00+00:00,1763.03857421875
2020-06-21 00:00:00+00:00,1775.9716796875
2020-06-22 00:00:00+00:00,1774.884033203125
2020-06-23 00:00:00+00:00,1766.119140625
2020-06-24 00:00:00+00:00,1761.7913818359375
2020-06-25 00:00:00+00:00,1769.985107421875
2020-06-26 00:00:00+00:00,1774.2384033203125
2020-06-27 00:00:00+00:00,1774.1925048828125
2020-06-28 00:00:00+00:00,1812.990478515625
2020-06-29 00:00:00+00:00,1794.94775390625
2020-06-30 00:00:00+00:00,1790.0474853515625
2020-07-01 00:00:00+00:00,1786.1053466796875
2020-07-02 00:00:00+00:00,1796.7862548828125
2020-07-03 00:00:00+00:00,1789.0177001953125
2020-07-04 00:00:00+00:00,1780.8544921875
2020-07-05 00:00:00+00:00,1776.2906494140625
2020-07-06 00:00:00+00:00,1795.259033203125
2020-07-07 00:00:00+00:00,1787.2679443359375
2020-07-08 00:00:00+00:00,1806.7091064453125
2020-07-09 00:00:00+00:00,1783.1488037109375
2020-07-10 00:00:00+00:00,1801.59814453125
2020-07-11 00:00:00+00:00,1802.8021240234375
2020-07-12 00:00:00+00:00,1799.757568359375
2020-07-13 00:00:00+00:00,1811.61962890625
2020-07-14 00:00:00+00:00,1814.8851318359375
2020-07-15 00:00:00+00:00,1801.7806396484375
2020-07-16 00:00:00+00:00,1806.08740234375
2020-07-17 00:00:00+00:00,1808.6319580078125
2020-07-18 00:00:00+00:00,1809.4185791015625
2020-07-19 00:00:00+00:00,1815.4869384765625
2020-07-20 00:00:00+00:00,1816.9647216796875
2020-07-21 00:00:00+00:00,1845.7958984375
2020-07-22 00:00:00+00:00,1873.5826416015625
2020-07-23 00:00:00+00:00,1885.545166015625
2020-07-24 00:00:00+00:00,1903.240234375
2020-07-25 00:00:00+00:00,1900.3426513671875
2020-07-26 00:00:00+00:00,1903.1483154296875
2020-07-27 00:00:00+00:00,1956.6617431640625
2020-07-28 00:00:00+00:00,1966.058349609375
2020-07-29 00:00:00+00:00,1979.9786376953125
2020-07-30 00:00:00+00:00,1967.44677734375
2020-07-31 00:00:00+00:00,1986.943603515625
2020-08-01 00:00:00+00:00,1974.844970703125
2020-08-02 00:00:00+00:00,1985.15234375
2020-08-03 00:00:00+00:00,1984.57177734375
2020-08-04 00:00:00+00:00,2035.7940673828125
2020-08-05 00:00:00+00:00,2049.3330078125
2020-08-06 00:00:00+00:00,2083.294189453125
2020-08-07 00:00:00+00:00,2057.49267578125
2020-08-08 00:00:00+00:00,2040.9710693359375
2020-08-09 00:00:00+00:00,2034.022705078125
2020-08-10 00:00:00+00:00,2043.3135986328125
2020-08-11 00:00:00+00:00,1958.17041015625
2020-08-12 00:00:00+00:00,1943.2938232421875
2020-08-13 00:00:00+00:00,1970.7158203125
2020-08-14 00:00:00+00:00,1958.38232421875
2020-08-15 00:00:00+00:00,1944.2403564453125
2020-08-16 00:00:00+00:00,1957.1785888671875
2020-08-17 00:00:00+00:00,1992.5618896484375
2020-08-18 00:00:00+00:00,2026.8409423828125
2020-08-19 00:00:00+00:00,1945.4044189453125
2020-08-20 00:00:00+00:00,1961.8167724609375
2020-08-21 00:00:00+00:00,1952.87451171875
2020-08-22 00:00:00+00:00,1947.0465087890625
2020-08-23 00:00:00+00:00,1940.2969970703125
2020-08-24 00:00:00+00:00,1933.9317626953125
2020-08-25 00:00:00+00:00,1951.78759765625
2020-08-26 00:00:00+00:00,1958.8330078125
2020-08-27 00:00:00+00:00,1937.405517578125
2020-08-28 00:00:00+00:00,1969.7308349609375
2020-08-29 00:00:00+00:00,1963.7034912109375
2020-08-30 00:00:00+00:00,1973.4912109375
2020-08-31 00:00:00+00:00,1969.6270751953125
2020-09-01 00:00:00+00:00,1977.4765625
2020-09-02 00:00:00+00:00,1947.08642578125
2020-09-03 00:00:00+00:00,1928.3096923828125
2020-09-04 00:00:00+00:00,1946.859619140625
2020-09-05 00:00:00+00:00,1954.191162109375
2020-09-06 00:00:00+00:00,1931.6597900390625
2020-09-07 00:00:00+00:00,1936.160888671875
2020-09-08 00:00:00+00:00,1927.848876953125
2020-09-09 00:00:00+00:00,1944.7813720703125
2020-09-10 00:00:00+00:00,1947.2459716796875
2020-09-11 00:00:00+00:00,1942.3143310546875
2020-09-12 00:00:00+00:00,1935.68798828125
2020-09-13 00:00:00+00:00,1939.89990234375
2020-09-14 00:00:00+00:00,1953.2603759765625
2020-09-15 00:00:00+00:00,1950.14892578125
2020-09-16 00:00:00+00:00,1969.7060546875
2020-09-17 00:00:00+00:00,1947.3885498046875
2020-09-18 00:00:00+00:00,1952.673095703125
2020-09-19 00:00:00+00:00,1962.27734375
2020-09-20 00:00:00+00:00,1960.2808837890625
2020-09-21 00:00:00+00:00,1915.60205078125
2020-09-22 00:00:00+00:00,1909.2642822265625
2020-09-23 00:00:00+00:00,1862.4425048828125
2020-09-24 00:00:00+00:00,1877.4149169921875
2020-09-25 00:00:00+00:00,1876.2181396484375
2020-09-26 00:00:00+00:00,1858.099609375
2020-09-27 00:00:00+00:00,1861.7806396484375
2020-09-28 00:00:00+00:00,1878.285888671875
2020-09-29 00:00:00+00:00,1897.47509765625
2020-09-30 00:00:00+00:00,1880.542236328125
2020-10-01 00:00:00+00:00,1892.11279296875
2020-10-02 00:00:00+00:00,1902.6817626953125
2020-10-03 00:00:00+00:00,1900.844970703125
2020-10-04 00:00:00+00:00,1890.697021484375
2020-10-05 00:00:00+00:00,1915.91455078125
2020-10-06 00:00:00+00:00,1879.14404296875
2020-10-07 00:00:00+00:00,1887.3994140625
2020-10-08 00:00:00+00:00,1894.964599609375
2020-10-09 00:00:00+00:00,1931.8330078125
2020-10-10 00:00:00+00:00,1925.0887451171875
2020-10-11 00:00:00+00:00,1927.828125
2020-10-12 00:00:00+00:00,1918.3182373046875
2020-10-13 00:00:00+00:00,1897.145751953125
2020-10-14 00:00:00+00:00,1901.2940673828125
2020-10-15 00:00:00+00:00,1904.9415283203125
2020-10-16 00:00:00+00:00,1900.570068359375
2020-10-17 00:00:00+00:00,1893.390380859375
2020-10-18 00:00:00+00:00,1896.7327880859375
2020-10-19 00:00:00+00:00,1900.3997802734375
2020-10-20 00:00:00+00:00,1901.9400634765625
2020-10-21 00:00:00+00:00,1923.8624267578125
2020-10-22 00:00:00+00:00,1907.0980224609375
2020-10-23 00:00:00+00:00,1910.2899169921875
2020-10-24 00:00:00+00:00,1914.4351806640625
2020-10-25 00:00:00+00:00,1908.356689453125
2020-10-26 00:00:00+00:00,1903.1302490234375
2020-10-27 00:00:00+00:00,1905.9327392578125
2020-10-28 00:00:00+00:00,1892.2957763671875
2020-10-29 00:00:00+00:00,1887.8140869140625
2020-10-30 00:00:00+00:00,1897.5177001953125
2020-10-31 00:00:00+00:00,1898.7777099609375
2020-11-01 00:00:00+00:00,1895.979736328125
2020-11-02 00:00:00+00:00,1903.8206787109375
2020-11-03 00:00:00+00:00,1917.4765625
2020-11-04 00:00:00+00:00,1917.2733154296875
2020-11-05 00:00:00+00:00,1958.8216552734375
2020-11-06 00:00:00+00:00,1960.812255859375
2020-11-07 00:00:00+00:00,1955.0455322265625
2020-11-08 00:00:00+00:00,1962.529052734375
2020-11-09 00:00:00+00:00,1875.2796630859375
2020-11-10 00:00:00+00:00,1883.2659912109375
2020-11-11 00:00:00+00:00,1871.670654296875
2020-11-12 00:00:00+00:00,1895.3302001953125
2020-11-13 00:00:00+00:00,1894.07373046875
2020-11-14 00:00:00+00:00,1899.9345703125
2020-11-15 00:00:00+00:00,1889.8111572265625
2020-11-16 00:00:00+00:00,1894.7933349609375
2020-11-17 00:00:00+00:00,1885.2618408203125
2020-11-18 00:00:00+00:00,1877.9241943359375
2020-11-19 00:00:00+00:00,1860.7562255859375
2020-11-20 00:00:00+00:00,1873.026611328125
2020-11-21 00:00:00+00:00,1874.7318115234375
2020-11-22 00:00:00+00:00,1868.275634765625
2020-11-23 00:00:00+00:00,1845.34619140625
2020-11-24 00:00:00+00:00,1815.052734375
2020-11-25 00:00:00+00:00,1815.046630859375
2020-11-26 00:00:00+00:00,1817.1148681640625
2020-11-27 00:00:00+00:00,1798.1837158203125
2020-11-28 00:00:00+00:00,1791.04345703125
2020-11-29 00:00:00+00:00,1787.339111328125
2020-11-30 00:00:00+00:00,1788.4814453125
2020-12-01 00:00:00+00:00,1818.84765625
2020-12-02 00:00:00+00:00,1825.7332763671875
2020-12-03 00:00:00+00:00,1841.99658203125
2020-12-04 00:00:00+00:00,1823.175048828125
2020-12-05 00:00:00+00:00,1831.317138671875
2020-12-06 00:00:00+00:00,1829.627197265625
2020-12-07 00:00:00+00:00,1865.8525390625
2020-12-08 00:00:00+00:00,1863.5614013671875
2020-12-09 00:00:00+00:00,1839.8807373046875
2020-12-10 00:00:00+00:00,1829.2503662109375
2020-12-11 00:00:00+00:00,1827.638916015625
2020-12-12 00:00:00+00:00,1826.5107421875
2020-12-13 00:00:00+00:00,1833.974853515625
2020-12-14 00:00:00+00:00,1827.4686279296875
2020-12-15 00:00:00+00:00,1844.2884521484375
2020-12-16 00:00:00+00:00,1860.1285400390625
2020-12-17 00:00:00+00:00,1898.01708984375
2020-12-18 00:00:00+00:00,1892.7398681640625
2020-12-19 00:00:00+00:00,1886.487060546875
2020-12-20 00:00:00+00:00,1888.64453125
2020-12-21 00:00:00+00:00,1889.79541015625
2020-12-22 00:00:00+00:00,1880.6937255859375
2020-12-23 00:00:00+00:00,1876.4908447265625
2020-12-24 00:00:00+00:00,1890.660400390625
2020-12-25 00:00:00+00:00,1898.0640869140625
2020-12-26 00:00:00+00:00,1911.6611328125
2020-12-27 00:00:00+00:00,1926.6065673828125
2020-12-28 00:00:00+00:00,1909.0081787109375
2020-12-29 00:00:00+00:00,1901.1336669921875
2020-12-30 00:00:00+00:00,1916.7132568359375
2020-12-31 00:00:00+00:00,1930.4727783203125
2021-01-01 00:00:00+00:00,1928.3507080078125
2021-01-02 00:00:00+00:00,1960.474365234375
2021-01-03 00:00:00+00:00,1961.2314453125
2021-01-04 00:00:00+00:00,1997.9852294921875
2021-01-05 00:00:00+00:00,2020.681396484375
2021-01-06 00:00:00+00:00,1962.541748046875
2021-01-07 00:00:00+00:00,1953.2225341796875
2021-01-08 00:00:00+00:00,1875.8663330078125
2021-01-09 00:00:00+00:00,1883.228515625
2021-01-10 00:00:00+00:00,1873.0821533203125
2021-01-11 00:00:00+00:00,1861.58837890625
2021-01-12 00:00:00+00:00,1865.8828125
2021-01-13 00:00:00+00:00,1857.8455810546875
2021-01-14 00:00:00+00:00,1867.1156005859375
2021-01-15 00:00:00+00:00,1835.1561279296875
2021-01-16 00:00:00+00:00,1844.6737060546875
2021-01-17 00:00:00+00:00,1836.578369140625
2021-01-18 00:00:00+00:00,1852.8516845703125
2021-01-19 00:00:00+00:00,1849.832275390625
2021-01-20 00:00:00+00:00,1884.7095947265625
2021-01-21 00:00:00+00:00,1883.8507080078125
2021-01-22 00:00:00+00:00,1864.253173828125
2021-01-23 00:00:00+00:00,1866.4730224609375
2021-01-24 00:00:00+00:00,1859.47021484375
2021-01-25 00:00:00+00:00,1860.4906005859375
2021-01-26 00:00:00+00:00,1864.59521484375
2021-01-27 00:00:00+00:00,1848.29248046875
2021-01-28 00:00:00+00:00,1853.6019287109375
2021-01-29 00:00:00+00:00,1867.6785888671875
2021-01-30 00:00:00+00:00,1866.6514892578125
2021-01-31 00:00:00+00:00,1873.11181640625
2021-02-01 00:00:00+00:00,1866.3408203125
2021-02-02 00:00:00+00:00,1852.4371337890625
2021-02-03 00:00:00+00:00,1849.3319091796875
2021-02-04 00:00:00+00:00,1810.6710205078125
2021-02-05 00:00:00+00:00,1833.0498046875
2021-02-06 00:00:00+00:00,1836.3804931640625
2021-02-07 00:00:00+00:00,1839.489013671875
2021-02-08 00:00:00+00:00,1848.3377685546875
2021-02-09 00:00:00+00:00,1853.6861572265625
2021-02-10 00:00:00+00:00,1856.9366455078125
2021-02-11 00:00:00+00:00,1838.1356201171875
2021-02-12 00:00:00+00:00,1844.0841064453125
2021-02-13 00:00:00+00:00,1848.615966796875
2021-02-14 00:00:00+00:00,1844.083251953125
2021-02-15 00:00:00+00:00,1833.849609375
2021-02-16 00:00:00+00:00,1817.9237060546875
2021-02-17 00:00:00+00:00,1798.0816650390625
2021-02-18 00:00:00+00:00,1789.232177734375
2021-02-19 00:00:00+00:00,1808.0350341796875
2021-02-20 00:00:00+00:00,1815.8056640625
2021-02-21 00:00:00+00:00,1818.6224365234375
2021-02-22 00:00:00+00:00,1825.998779296875
2021-02-23 00:00:00+00:00,1820.9234619140625
2021-02-24 00:00:00+00:00,1813.3675537109375
2021-02-25 00:00:00+00:00,1769.996337890625
2021-02-26 00:00:00+00:00,1749.2469482421875
2021-02-27 00:00:00+00:00,1752.509033203125
2021-02-28 00:00:00+00:00,1747.4227294921875
2021-03-01 00:00:00+00:00,1728.6929931640625
2021-03-02 00:00:00+00:00,1751.1312255859375
2021-03-03 00:00:00+00:00,1721.0286865234375
2021-03-04 00:00:00+00:00,1707.1497802734375
2021-03-05 00:00:00+00:00,1711.9073486328125
2021-03-06 00:00:00+00:00,1716.711181640625
2021-03-07 00:00:00+00:00,1720.8682861328125
2021-03-08 00:00:00+00:00,1704.699462890625
2021-03-09 00:00:00+00:00,1729.2515869140625
2021-03-10 00:00:00+00:00,1739.76171875
2021-03-11 00:00:00+00:00,1743.667236328125
2021-03-12 00:00:00+00:00,1739.8612060546875
2021-03-13 00:00:00+00:00,1744.158447265625
2021-03-14 00:00:00+00:00,1737.068603515625
2021-03-15 00:00:00+00:00,1735.020263671875
2021-03-16 00:00:00+00:00,1743.3291015625
2021-03-17 00:00:00+00:00,1758.459716796875
2021-03-18 00:00:00+00:00,1744.9281005859375
2021-03-19 00:00:00+00:00,1763.4857177734375
2021-03-20 00:00:00+00:00,1763.453857421875
2021-03-21 00:00:00+00:00,1748.865478515625
2021-03-22 00:00:00+00:00,1748.4454345703125
2021-03-23 00:00:00+00:00,1742.18896484375
2021-03-24 00:00:00+00:00,1742.7772216796875
2021-03-25 00:00:00+00:00,1732.3409423828125
2021-03-26 00:00:00+00:00,1744.706298828125
2021-03-27 00:00:00+00:00,1735.28857421875
2021-03-28 00:00:00+00:00,1749.478271484375
2021-03-29 00:00:00+00:00,1725.2864990234375
2021-03-30 00:00:00+00:00,1702.027099609375
2021-03-31 00:00:00+00:00,1716.32275390625
2021-04-01 00:00:00+00:00,1742.77294921875
2021-04-02 00:00:00+00:00,1742.8388671875
2021-04-03 00:00:00+00:00,1743.1920166015625
2021-04-04 00:00:00+00:00,1755.4344482421875
2021-04-05 00:00:00+00:00,1743.8997802734375
2021-04-06 00:00:00+00:00,1759.2025146484375
2021-04-07 00:00:00+00:00,1758.21923828125
2021-04-08 00:00:00+00:00,1774.3238525390625
2021-04-09 00:00:00+00:00,1753.650146484375
2021-04-10 00:00:00+00:00,1756.0677490234375
2021-04-11 00:00:00+00:00,1760.4385986328125
2021-04-12 00:00:00+00:00,1747.0474853515625
2021-04-13 00:00:00+00:00,1749.9501953125
2021-04-14 00:00:00+00:00,1753.2598876953125
2021-04-15 00:00:00+00:00,1772.2669677734375
2021-04-16 00:00:00+00:00,1791.919677734375
2021-04-17 00:00:00+00:00,1810.123291015625
2021-04-18 00:00:00+00:00,1799.0377197265625
2021-04-19 00:00:00+00:00,1782.943115234375
2021-04-20 00:00:00+00:00,1789.64697265625
2021-04-21 00:00:00+00:00,1815.2261962890625
2021-04-22 00:00:00+00:00,1796.74072265625
2021-04-23 00:00:00+00:00,1803.7183837890625
2021-04-24 00:00:00+00:00,1788.9173583984375
2021-04-25 00:00:00+00:00,1782.6090087890625
2021-04-26 00:00:00+00:00,1794.0860595703125
2021-04-27 00:00:00+00:00,1791.416748046875
2021-04-28 00:00:00+00:00,1797.7900390625
2021-04-29 00:00:00+00:00,1786.8973388671875
2021-04-30 00:00:00+00:00,1785.0732421875
2021-05-01 00:00:00+00:00,1790.3265380859375
2021-05-02 00:00:00+00:00,1784.7379150390625
2021-05-03 00:00:00+00:00,1801.700927734375
2021-05-04 00:00:00+00:00,1785.778564453125
2021-05-05 00:00:00+00:00,1799.232421875
2021-05-06 00:00:00+00:00,1839.22705078125
2021-05-07 00:00:00+00:00,1856.898681640625
2021-05-08 00:00:00+00:00,1863.4766845703125
2021-05-09 00:00:00+00:00,1891.490234375
2021-05-10 00:00:00+00:00,1879.342041015625
2021-05-11 00:00:00+00:00,1861.7752685546875
2021-05-12 00:00:00+00:00,1829.0098876953125
2021-05-13 00:00:00+00:00,1862.1878662109375
2021-05-14 00:00:00+00:00,1869.8251953125
2021-05-15 00:00:00+00:00,1882.572021484375
2021-05-16 00:00:00+00:00,1948.3424072265625
2021-05-17 00:00:00+00:00,1894.629150390625
2021-05-18 00:00:00+00:00,1878.7864990234375
2021-05-19 00:00:00+00:00,1874.39794921875
2021-05-20 00:00:00+00:00,1888.3106689453125
2021-05-21 00:00:00+00:00,1904.6207275390625
2021-05-22 00:00:00+00:00,1905.8787841796875
2021-05-23 00:00:00+00:00,1895.643310546875
2021-05-24 00:00:00+00:00,1882.6553955078125
2021-05-25 00:00:00+00:00,1903.5389404296875
2021-05-26 00:00:00+00:00,1905.4195556640625
2021-05-27 00:00:00+00:00,1903.9447021484375
2021-05-28 00:00:00+00:00,1919.7454833984375
2021-05-29 00:00:00+00:00,1933.5107421875
2021-05-30 00:00:00+00:00,1914.8497314453125
2021-05-31 00:00:00+00:00,1919.001953125
2021-06-01 00:00:00+00:00,1909.9725341796875
2021-06-02 00:00:00+00:00,1912.6763916015625
2021-06-03 00:00:00+00:00,1878.759765625
2021-06-04 00:00:00+00:00,1904.272705078125
2021-06-05 00:00:00+00:00,1901.0975341796875
2021-06-06 00:00:00+00:00,1900.193115234375
2021-06-07 00:00:00+00:00,1899.59228515625
2021-06-08 00:00:00+00:00,1895.1422119140625
2021-06-09 00:00:00+00:00,1894.1195068359375
2021-06-10 00:00:00+00:00,1900.44873046875
2021-06-11 00:00:00+00:00,1886.4014892578125
2021-06-12 00:00:00+00:00,1891.8931884765625
2021-06-13 00:00:00+00:00,1880.472900390625
2021-06-14 00:00:00+00:00,1907.740234375
2021-06-15 00:00:00+00:00,1884.215576171875
2021-06-16 00:00:00+00:00,1824.7933349609375
2021-06-17 00:00:00+00:00,1792.1243896484375
2021-06-18 00:00:00+00:00,1777.2474365234375
2021-06-19 00:00:00+00:00,1774.2197265625
2021-06-20 00:00:00+00:00,1780.1142578125
2021-06-21 00:00:00+00:00,1785.3472900390625
2021-06-22 00:00:00+00:00,1781.7249755859375
2021-06-23 00:00:00+00:00,1791.8291015625
2021-06-24 00:00:00+00:00,1777.6278076171875
2021-06-25 00:00:00+00:00,1778.208984375
2021-06-26 00:00:00+00:00,1782.424072265625
2021-06-27 00:00:00+00:00,1791.3978271484375
2021-06-28 00:00:00+00:00,1785.6807861328125
2021-06-29 00:00:00+00:00,1767.57275390625
2021-06-30 00:00:00+00:00,1777.649658203125
2021-07-01 00:00:00+00:00,1777.287353515625
2021-07-02 00:00:00+00:00,1792.817138671875
2021-07-03 00:00:00+00:00,1793.237060546875
2021-07-04 00:00:00+00:00,1794.2821044921875
2021-07-05 00:00:00+00:00,1793.3770751953125
2021-07-06 00:00:00+00:00,1800.3873291015625
2021-07-07 00:00:00+00:00,1806.795166015625
2021-07-08 00:00:00+00:00,1812.3878173828125
2021-07-09 00:00:00+00:00,1815.319091796875
2021-07-10 00:00:00+00:00,1810.311279296875
2021-07-11 00:00:00+00:00,1812.1490478515625
2021-07-12 00:00:00+00:00,1809.2647705078125
2021-07-13 00:00:00+00:00,1811.8848876953125
2021-07-14 00:00:00+00:00,1832.211669921875
2021-07-15 00:00:00+00:00,1833.6982421875
2021-07-16 00:00:00+00:00,1813.020263671875
2021-07-17 00:00:00+00:00,1814.796630859375
2021-07-18 00:00:00+00:00,1819.1197509765625
2021-07-19 00:00:00+00:00,1818.741455078125
2021-07-20 00:00:00+00:00,1810.37890625
2021-07-21 00:00:00+00:00,1807.655517578125
2021-07-22 00:00:00+00:00,1807.7908935546875
2021-07-23 00:00:00+00:00,1812.4478759765625
2021-07-24 00:00:00+00:00,1814.7191162109375
2021-07-25 00:00:00+00:00,1811.1083984375
2021-07-26 00:00:00+00:00,1803.3233642578125
2021-07-27 00:00:00+00:00,1809.428955078125
2021-07-28 00:00:00+00:00,1812.7509765625
2021-07-29 00:00:00+00:00,1835.00390625
2021-07-30 00:00:00+00:00,1824.8564453125
2021-07-31 00:00:00+00:00,1820.9815673828125
2021-08-01 00:00:00+00:00,1815.2591552734375
2021-08-02 00:00:00+00:00,1819.3931884765625
2021-08-03 00:00:00+00:00,1813.1934814453125
2021-08-04 00:00:00+00:00,1817.7257080078125
2021-08-05 00:00:00+00:00,1808.2391357421875
2021-08-06 00:00:00+00:00,1772.1566162109375
2021-08-07 00:00:00+00:00,1775.0244140625
2021-08-08 00:00:00+00:00,1730.06982421875
2021-08-09 00:00:00+00:00,1742.0550537109375
2021-08-10 00:00:00+00:00,1738.4884033203125
2021-08-11 00:00:00+00:00,1757.62353515625
2021-08-12 00:00:00+00:00,1759.498046875
2021-08-13 00:00:00+00:00,1784.1436767578125
2021-08-14 00:00:00+00:00,1777.249755859375
2021-08-15 00:00:00+00:00,1780.3812255859375
2021-08-16 00:00:00+00:00,1792.1439208984375
2021-08-17 00:00:00+00:00,1786.0380859375
2021-08-18 00:00:00+00:00,1790.8045654296875
2021-08-19 00:00:00+00:00,1781.8507080078125
2021-08-20 00:00:00+00:00,1785.8162841796875
2021-08-21 00:00:00+00:00,1787.724609375
2021-08-22 00:00:00+00:00,1783.3052978515625
2021-08-23 00:00:00+00:00,1807.3992919921875
2021-08-24 00:00:00+00:00,1803.46142578125
2021-08-25 00:00:00+00:00,1797.6529541015625
2021-08-26 00:00:00+00:00,1800.8267822265625
2021-08-27 00:00:00+00:00,1821.8453369140625
2021-08-28 00:00:00+00:00,1821.3150634765625
2021-08-29 00:00:00+00:00,1821.15869140625
2021-08-30 00:00:00+00:00,1816.09228515625
2021-08-31 00:00:00+00:00,1816.962646484375
2021-09-01 00:00:00+00:00,1820.7412109375
2021-09-02 00:00:00+00:00,1814.783935546875
2021-09-03 00:00:00+00:00,1829.589599609375
2021-09-04 00:00:00+00:00,1825.9962158203125
2021-09-05 00:00:00+00:00,1829.5711669921875
2021-09-06 00:00:00+00:00,1825.732421875
2021-09-07 00:00:00+00:00,1793.2373046875
2021-09-08 00:00:00+00:00,1788.510986328125
2021-09-09 00:00:00+00:00,1797.1707763671875
2021-09-10 00:00:00+00:00,1793.5579833984375
2021-09-11 00:00:00+00:00,1799.9864501953125
2021-09-12 00:00:00+00:00,1793.3717041015625
2021-09-13 00:00:00+00:00,1799.640869140625
2021-09-14 00:00:00+00:00,1804.0791015625
2021-09-15 00:00:00+00:00,1797.7125244140625
2021-09-16 00:00:00+00:00,1764.6749267578125
2021-09-17 00:00:00+00:00,1763.3682861328125
2021-09-18 00:00:00+00:00,1766.19970703125
2021-09-19 00:00:00+00:00,1764.639892578125
2021-09-20 00:00:00+00:00,1779.0108642578125
2021-09-21 00:00:00+00:00,1783.0718994140625
2021-09-22 00:00:00+00:00,1770.1170654296875
2021-09-23 00:00:00+00:00,1756.9583740234375
2021-09-24 00:00:00+00:00,1760.4617919921875
2021-09-25 00:00:00+00:00,1757.777099609375
2021-09-26 00:00:00+00:00,1757.343505859375
2021-09-27 00:00:00+00:00,1758.7950439453125
2021-09-28 00:00:00+00:00,1744.6593017578125
2021-09-29 00:00:00+00:00,1739.632080078125
2021-09-30 00:00:00+00:00,1762.3388671875
2021-10-01 00:00:00+00:00,1764.2247314453125
2021-10-02 00:00:00+00:00,1764.76416015625
2021-10-03 00:00:00+00:00,1771.450927734375
2021-10-04 00:00:00+00:00,1772.8345947265625
2021-10-05 00:00:00+00:00,1764.83642578125
2021-10-06 00:00:00+00:00,1765.7857666015625
2021-10-07 00:00:00+00:00,1759.6138916015625
2021-10-08 00:00:00+00:00,1762.0914306640625
2021-10-09 00:00:00+00:00,1763.21142578125
2021-10-10 00:00:00+00:00,1760.6171875
2021-10-11 00:00:00+00:00,1761.1605224609375
2021-10-12 00:00:00+00:00,1763.9539794921875
2021-10-13 00:00:00+00:00,1794.2813720703125
2021-10-14 00:00:00+00:00,1801.122314453125
2021-10-15 00:00:00+00:00,1773.47998046875
2021-10-16 00:00:00+00:00,1771.126220703125
2021-10-17 00:00:00+00:00,1775.52978515625
2021-10-18 00:00:00+00:00,1769.10888671875
2021-10-19 00:00:00+00:00,1776.2271728515625
2021-10-20 00:00:00+00:00,1783.81005859375
2021-10-21 00:00:00+00:00,1786.9849853515625
2021-10-22 00:00:00+00:00,1796.9058837890625
2021-10-23 00:00:00+00:00,1800.686767578125
2021-10-24 00:00:00+00:00,1801.7672119140625
2021-10-25 00:00:00+00:00,1811.04541015625
2021-10-26 00:00:00+00:00,1795.498291015625
2021-10-27 00:00:00+00:00,1802.48779296875
2021-10-28 00:00:00+00:00,1801.9378662109375
2021-10-29 00:00:00+00:00,1782.1077880859375
2021-10-30 00:00:00+00:00,1786.8023681640625
2021-10-31 00:00:00+00:00,1779.9617919921875
2021-11-01 00:00:00+00:00,1791.763427734375
2021-11-02 00:00:00+00:00,1791.566650390625
2021-11-03 00:00:00+00:00,1779.2532958984375
2021-11-04 00:00:00+00:00,1793.7249755859375
2021-11-05 00:00:00+00:00,1819.751953125
2021-11-06 00:00:00+00:00,1819.352294921875
2021-11-07 00:00:00+00:00,1819.772216796875
2021-11-08 00:00:00+00:00,1827.908447265625
2021-11-09 00:00:00+00:00,1832.244140625
2021-11-10 00:00:00+00:00,1852.2694091796875
2021-11-11 00:00:00+00:00,1865.5245361328125
2021-11-12 00:00:00+00:00,1869.0059814453125
2021-11-13 00:00:00+00:00,1873.7392578125
2021-11-14 00:00:00+00:00,1872.4244384765625
2021-11-15 00:00:00+00:00,1869.0604248046875
2021-11-16 00:00:00+00:00,1858.54931640625
2021-11-17 00:00:00+00:00,1867.307861328125
2021-11-18 00:00:00+00:00,1859.1790771484375
2021-11-19 00:00:00+00:00,1846.7294921875
2021-11-20 00:00:00+00:00,1842.467041015625
2021-11-21 00:00:00+00:00,1845.2093505859375
2021-11-22 00:00:00+00:00,1811.9481201171875
2021-11-23 00:00:00+00:00,1792.4285888671875
2021-11-24 00:00:00+00:00,1799.129638671875
2021-11-25 00:00:00+00:00,1791.500244140625
2021-11-26 00:00:00+00:00,1795.9105224609375
2021-11-27 00:00:00+00:00,1794.4588623046875
2021-11-28 00:00:00+00:00,1793.496337890625
2021-11-29 00:00:00+00:00,1791.392578125
2021-11-30 00:00:00+00:00,1776.72412109375
2021-12-01 00:00:00+00:00,1784.49560546875
2021-12-02 00:00:00+00:00,1770.735107421875
2021-12-03 00:00:00+00:00,1782.218505859375
2021-12-04 00:00:00+00:00,1779.20751953125
2021-12-05 00:00:00+00:00,1783.88671875
2021-12-06 00:00:00+00:00,1783.5860595703125
2021-12-07 00:00:00+00:00,1788.828125
2021-12-08 00:00:00+00:00,1785.869873046875
2021-12-09 00:00:00+00:00,1774.94287109375
2021-12-10 00:00:00+00:00,1787.291015625
2021-12-11 00:00:00+00:00,1786.1881103515625
2021-12-12 00:00:00+00:00,1785.0062255859375
2021-12-13 00:00:00+00:00,1789.228759765625
2021-12-14 00:00:00+00:00,1776.03662109375
2021-12-15 00:00:00+00:00,1779.7596435546875
2021-12-16 00:00:00+00:00,1801.1942138671875
2021-12-17 00:00:00+00:00,1803.5223388671875
2021-12-18 00:00:00+00:00,1803.58642578125
2021-12-19 00:00:00+00:00,1803.5963134765625
2021-12-20 00:00:00+00:00,1797.5701904296875
2021-12-21 00:00:00+00:00,1794.1962890625
2021-12-22 00:00:00+00:00,1807.686767578125
2021-12-23 00:00:00+00:00,1816.697998046875
2021-12-24 00:00:00+00:00,1819.1494140625
2021-12-25 00:00:00+00:00,1815.8900146484375
2021-12-26 00:00:00+00:00,1815.052978515625
2021-12-27 00:00:00+00:00,1817.3746337890625
2021-12-28 00:00:00+00:00,1814.2996826171875
2021-12-29 00:00:00+00:00,1812.3438720703125
2021-12-30 00:00:00+00:00,1825.786865234375
2021-12-31 00:00:00+00:00,1833.609130859375
2022-01-01 00:00:00+00:00,1836.6068115234375
2022-01-02 00:00:00+00:00,1835.9266357421875
2022-01-03 00:00:00+00:00,1809.3111572265625
2022-01-04 00:00:00+00:00,1816.170654296875
2022-01-05 00:00:00+00:00,1817.994140625
2022-01-06 00:00:00+00:00,1798.1893310546875
2022-01-07 00:00:00+00:00,1804.8173828125
2022-01-08 00:00:00+00:00,1799.2171630859375
2022-01-09 00:00:00+00:00,1798.5550537109375
2022-01-10 00:00:00+00:00,1806.085205078125
2022-01-11 00:00:00+00:00,1823.639892578125
2022-01-12 00:00:00+00:00,1833.2021484375
2022-01-13 00:00:00+00:00,1825.422607421875
2022-01-14 00:00:00+00:00,1827.74365234375
2022-01-15 00:00:00+00:00,1824.5992431640625
2022-01-16 00:00:00+00:00,1825.5302734375
2022-01-17 00:00:00+00:00,1824.005615234375
2022-01-18 00:00:00+00:00,1820.0782470703125
2022-01-19 00:00:00+00:00,1846.5654296875
2022-01-20 00:00:00+00:00,1843.80810546875
2022-01-21 00:00:00+00:00,1841.04052734375
2022-01-22 00:00:00+00:00,1841.426513671875
2022-01-23 00:00:00+00:00,1843.7340087890625
2022-01-24 00:00:00+00:00,1848.91552734375
2022-01-25 00:00:00+00:00,1860.2803955078125
2022-01-26 00:00:00+00:00,1838.9906005859375
2022-01-27 00:00:00+00:00,1811.3800048828125
2022-01-28 00:00:00+00:00,1798.82568359375
2022-01-29 00:00:00+00:00,1800.1917724609375
2022-01-30 00:00:00+00:00,1799.668701171875
2022-01-31 00:00:00+00:00,1806.4495849609375
2022-02-01 00:00:00+00:00,1808.416748046875
2022-02-02 00:00:00+00:00,1813.2020263671875
2022-02-03 00:00:00+00:00,1813.8485107421875
2022-02-04 00:00:00+00:00,1818.555419921875
2022-02-05 00:00:00+00:00,1818.00048828125
2022-02-06 00:00:00+00:00,1817.72900390625
2022-02-07 00:00:00+00:00,1824.65966796875
2022-02-08 00:00:00+00:00,1830.7490234375
2022-02-09 00:00:00+00:00,1839.468505859375
2022-02-10 00:00:00+00:00,1834.2081298828125
2022-02-11 00:00:00+00:00,1870.1474609375
2022-02-12 00:00:00+00:00,1874.18994140625
2022-02-13 00:00:00+00:00,1883.4183349609375
2022-02-14 00:00:00+00:00,1882.347412109375
2022-02-15 00:00:00+00:00,1858.8779296875
2022-02-16 00:00:00+00:00,1877.2119140625
2022-02-17 00:00:00+00:00,1916.0260009765625
2022-02-18 00:00:00+00:00,1914.9765625
2022-02-19 00:00:00+00:00,1915.845458984375
2022-02-20 00:00:00+00:00,1935.62939453125
2022-02-21 00:00:00+00:00,1952.7620849609375
2022-02-22 00:00:00+00:00,1909.2366943359375
2022-02-23 00:00:00+00:00,1921.4500732421875
2022-02-24 00:00:00+00:00,1934.8109130859375
2022-02-25 00:00:00+00:00,1897.6983642578125
2022-02-26 00:00:00+00:00,1889.6107177734375
2022-02-27 00:00:00+00:00,1914.879150390625
2022-02-28 00:00:00+00:00,1896.8333740234375
2022-03-01 00:00:00+00:00,1933.0665283203125
2022-03-02 00:00:00+00:00,1923.6820068359375
2022-03-03 00:00:00+00:00,1934.783203125
2022-03-04 00:00:00+00:00,1970.3067626953125
2022-03-05 00:00:00+00:00,1973.5357666015625
2022-03-06 00:00:00+00:00,1993.0255126953125
2022-03-07 00:00:00+00:00,2005.298095703125
2022-03-08 00:00:00+00:00,2055.900634765625
2022-03-09 00:00:00+00:00,1993.77685546875
2022-03-10 00:00:00+00:00,2001.5347900390625
2022-03-11 00:00:00+00:00,1987.0440673828125
2022-03-12 00:00:00+00:00,1992.0445556640625
2022-03-13 00:00:00+00:00,1986.010986328125
2022-03-14 00:00:00+00:00,1960.9246826171875
2022-03-15 00:00:00+00:00,1926.21484375
2022-03-16 00:00:00+00:00,1935.5889892578125
2022-03-17 00:00:00+00:00,1949.94775390625
2022-03-18 00:00:00+00:00,1923.8309326171875
2022-03-19 00:00:00+00:00,1918.906494140625
2022-03-20 00:00:00+00:00,1922.8214111328125
2022-03-21 00:00:00+00:00,1937.5362548828125
2022-03-22 00:00:00+00:00,1919.9093017578125
2022-03-23 00:00:00+00:00,1947.2906494140625
2022-03-24 00:00:00+00:00,1955.8692626953125
2022-03-25 00:00:00+00:00,1957.9649658203125
2022-03-26 00:00:00+00:00,1964.4266357421875
2022-03-27 00:00:00+00:00,1953.05029296875
2022-03-28 00:00:00+00:00,1925.2591552734375
2022-03-29 00:00:00+00:00,1919.1064453125
2022-03-30 00:00:00+00:00,1930.0699462890625
2022-03-31 00:00:00+00:00,1934.3636474609375
2022-04-01 00:00:00+00:00,1923.2642822265625
2022-04-02 00:00:00+00:00,1921.9178466796875
2022-04-03 00:00:00+00:00,1923.289306640625
2022-04-04 00:00:00+00:00,1931.5870361328125
2022-04-05 00:00:00+00:00,1920.6434326171875
2022-04-06 00:00:00+00:00,1922.1025390625
2022-04-07 00:00:00+00:00,1930.3642578125
2022-04-08 00:00:00+00:00,1945.3973388671875
2022-04-09 00:00:00+00:00,1949.1146240234375
2022-04-10 00:00:00+00:00,1943.121337890625
2022-04-11 00:00:00+00:00,1953.7210693359375
2022-04-12 00:00:00+00:00,1968.8414306640625
2022-04-13 00:00:00+00:00,1981.0634765625
2022-04-14 00:00:00+00:00,1975.895751953125
2022-04-15 00:00:00+00:00,1981.21923828125
2022-04-16 00:00:00+00:00,1980.1348876953125
2022-04-17 00:00:00+00:00,1986.3134765625
2022-04-18 00:00:00+00:00,1979.8944091796875
2022-04-19 00:00:00+00:00,1955.1236572265625
2022-04-20 00:00:00+00:00,1962.8897705078125
2022-04-21 00:00:00+00:00,1959.189453125
2022-04-22 00:00:00+00:00,1937.474853515625
2022-04-23 00:00:00+00:00,1934.8197021484375
2022-04-24 00:00:00+00:00,1935.5460205078125
2022-04-25 00:00:00+00:00,1907.7977294921875
2022-04-26 00:00:00+00:00,1908.0391845703125
2022-04-27 00:00:00+00:00,1894.2547607421875
2022-04-28 00:00:00+00:00,1900.843994140625
2022-04-29 00:00:00+00:00,1904.9727783203125
2022-04-30 00:00:00+00:00,1901.595947265625
2022-05-01 00:00:00+00:00,1904.3314208984375
2022-05-02 00:00:00+00:00,1869.7327880859375
2022-05-03 00:00:00+00:00,1871.646240234375
2022-05-04 00:00:00+00:00,1889.063232421875
2022-05-05 00:00:00+00:00,1878.2572021484375
2022-05-06 00:00:00+00:00,1885.41748046875
2022-05-07 00:00:00+00:00,1887.6229248046875
2022-05-08 00:00:00+00:00,1884.9791259765625
2022-05-09 00:00:00+00:00,1851.6351318359375
2022-05-10 00:00:00+00:00,1836.51708984375
2022-05-11 00:00:00+00:00,1858.1436767578125
2022-05-12 00:00:00+00:00,1836.1474609375
2022-05-13 00:00:00+00:00,1809.033447265625
2022-05-14 00:00:00+00:00,1811.5555419921875
2022-05-15 00:00:00+00:00,1811.1312255859375
2022-05-16 00:00:00+00:00,1825.4122314453125
2022-05-17 00:00:00+00:00,1819.4710693359375
2022-05-18 00:00:00+00:00,1816.9766845703125
2022-05-19 00:00:00+00:00,1852.999755859375
2022-05-20 00:00:00+00:00,1852.8560791015625
2022-05-21 00:00:00+00:00,1853.7691650390625
2022-05-22 00:00:00+00:00,1852.4852294921875
2022-05-23 00:00:00+00:00,1854.969482421875
2022-05-24 00:00:00+00:00,1870.3046875
2022-05-25 00:00:00+00:00,1857.5
2022-05-26 00:00:00+00:00,1850.585693359375
2022-05-27 00:00:00+00:00,1854.06201171875
2022-05-28 00:00:00+00:00,1855.6927490234375
2022-05-29 00:00:00+00:00,1851.8785400390625
2022-05-30 00:00:00+00:00,1857.5770263671875
2022-05-31 00:00:00+00:00,1838.10595703125
2022-06-01 00:00:00+00:00,1850.5731201171875
2022-06-02 00:00:00+00:00,1871.1458740234375
2022-06-03 00:00:00+00:00,1855.750732421875
2022-06-04 00:00:00+00:00,1860.4044189453125
2022-06-05 00:00:00+00:00,1857.8875732421875
2022-06-06 00:00:00+00:00,1845.4556884765625
2022-06-07 00:00:00+00:00,1855.9364013671875
2022-06-08 00:00:00+00:00,1855.5433349609375
2022-06-09 00:00:00+00:00,1847.1278076171875
2022-06-10 00:00:00+00:00,1873.05224609375
2022-06-11 00:00:00+00:00,1880.1636962890625
2022-06-12 00:00:00+00:00,1882.6060791015625
2022-06-13 00:00:00+00:00,1826.7669677734375
2022-06-14 00:00:00+00:00,1815.4091796875
2022-06-15 00:00:00+00:00,1838.349609375
2022-06-16 00:00:00+00:00,1858.1270751953125
2022-06-17 00:00:00+00:00,1842.1546630859375
2022-06-18 00:00:00+00:00,1826.27490234375
2022-06-19 00:00:00+00:00,1842.9244384765625
2022-06-20 00:00:00+00:00,1846.912841796875
2022-06-21 00:00:00+00:00,1835.442138671875
2022-06-22 00:00:00+00:00,1841.5050048828125
2022-06-23 00:00:00+00:00,1828.6800537109375
2022-06-24 00:00:00+00:00,1824.953857421875
2022-06-25 00:00:00+00:00,1824.4930419921875
2022-06-26 00:00:00+00:00,1830.399658203125
2022-06-27 00:00:00+00:00,1828.3475341796875
2022-06-28 00:00:00+00:00,1822.8858642578125
2022-06-29 00:00:00+00:00,1823.1533203125
2022-06-30 00:00:00+00:00,1814.8082275390625
2022-07-01 00:00:00+00:00,1807.8236083984375
2022-07-02 00:00:00+00:00,1812.9820556640625
2022-07-03 00:00:00+00:00,1812.2498779296875
2022-07-04 00:00:00+00:00,1813.0731201171875
2022-07-05 00:00:00+00:00,1770.947265625
2022-07-06 00:00:00+00:00,1743.6226806640625
2022-07-07 00:00:00+00:00,1744.0894775390625
2022-07-08 00:00:00+00:00,1744.2188720703125
2022-07-09 00:00:00+00:00,1739.7386474609375
2022-07-10 00:00:00+00:00,1743.0693359375
2022-07-11 00:00:00+00:00,1733.929931640625
2022-07-12 00:00:00+00:00,1726.2158203125
2022-07-13 00:00:00+00:00,1736.9925537109375
2022-07-14 00:00:00+00:00,1714.470458984375
2022-07-15 00:00:00+00:00,1705.3607177734375
2022-07-16 00:00:00+00:00,1699.8802490234375
2022-07-17 00:00:00+00:00,1705.8021240234375
2022-07-18 00:00:00+00:00,1707.9322509765625
2022-07-19 00:00:00+00:00,1706.4693603515625
2022-07-20 00:00:00+00:00,1697.1126708984375
2022-07-21 00:00:00+00:00,1716.7080078125
2022-07-22 00:00:00+00:00,1728.11181640625
2022-07-23 00:00:00+00:00,1726.19140625
2022-07-24 00:00:00+00:00,1724.220458984375
2022-07-25 00:00:00+00:00,1717.2548828125
2022-07-26 00:00:00+00:00,1719.162841796875
2022-07-27 00:00:00+00:00,1736.02099609375
2022-07-28 00:00:00+00:00,1749.3905029296875
2022-07-29 00:00:00+00:00,1764.1849365234375
2022-07-30 00:00:00+00:00,1764.89599609375
2022-07-31 00:00:00+00:00,1762.634033203125
2022-08-01 00:00:00+00:00,1771.241943359375
2022-08-02 00:00:00+00:00,1752.7774658203125
2022-08-03 00:00:00+00:00,1759.6448974609375
2022-08-04 00:00:00+00:00,1789.2821044921875
2022-08-05 00:00:00+00:00,1774.1888427734375
2022-08-06 00:00:00+00:00,1768.0318603515625
2022-08-07 00:00:00+00:00,1768.7625732421875
2022-08-08 00:00:00+00:00,1781.5430908203125
2022-08-09 00:00:00+00:00,1790.553955078125
2022-08-10 00:00:00+00:00,1786.3531494140625
2022-08-11 00:00:00+00:00,1780.4351806640625
2022-08-12 00:00:00+00:00,1795.7967529296875
2022-08-13 00:00:00+00:00,1793.9041748046875
2022-08-14 00:00:00+00:00,1793.109619140625
2022-08-15 00:00:00+00:00,1775.9591064453125
2022-08-16 00:00:00+00:00,1771.84814453125
2022-08-17 00:00:00+00:00,1756.920166015625
2022-08-18 00:00:00+00:00,1750.938232421875
2022-08-19 00:00:00+00:00,1740.492919921875
2022-08-20 00:00:00+00:00,1739.6741943359375
2022-08-21 00:00:00+00:00,1739.8118896484375
2022-08-22 00:00:00+00:00,1732.1807861328125
2022-08-23 00:00:00+00:00,1745.683349609375
2022-08-24 00:00:00+00:00,1745.525390625
2022-08-25 00:00:00+00:00,1751.8807373046875
2022-08-26 00:00:00+00:00,1731.1531982421875
2022-08-27 00:00:00+00:00,1729.5853271484375
2022-08-28 00:00:00+00:00,1725.064208984375
2022-08-29 00:00:00+00:00,1730.677490234375
2022-08-30 00:00:00+00:00,1715.3131103515625
2022-08-31 00:00:00+00:00,1704.7830810546875
2022-09-01 00:00:00+00:00,1691.6510009765625
2022-09-02 00:00:00+00:00,1704.1844482421875
2022-09-03 00:00:00+00:00,1706.8060302734375
2022-09-04 00:00:00+00:00,1706.4874267578125
2022-09-05 00:00:00+00:00,1707.6007080078125
2022-09-06 00:00:00+00:00,1693.6561279296875
2022-09-07 00:00:00+00:00,1709.4510498046875
2022-09-08 00:00:00+00:00,1703.2003173828125
2022-09-09 00:00:00+00:00,1710.6915283203125
2022-09-10 00:00:00+00:00,1713.6368408203125
2022-09-11 00:00:00+00:00,1716.140625
2022-09-12 00:00:00+00:00,1718.55078125
2022-09-13 00:00:00+00:00,1694.6632080078125
2022-09-14 00:00:00+00:00,1689.633544921875
2022-09-15 00:00:00+00:00,1654.909912109375
2022-09-16 00:00:00+00:00,1666.78076171875
2022-09-17 00:00:00+00:00,1668.081787109375
2022-09-18 00:00:00+00:00,1668.536865234375
2022-09-19 00:00:00+00:00,1665.8392333984375
2022-09-20 00:00:00+00:00,1657.122802734375
2022-09-21 00:00:00+00:00,1662.5179443359375
2022-09-22 00:00:00+00:00,1665.6602783203125
2022-09-23 00:00:00+00:00,1637.9202880859375
2022-09-24 00:00:00+00:00,1637.62158203125
2022-09-25 00:00:00+00:00,1634.8658447265625
2022-09-26 00:00:00+00:00,1619.2091064453125
2022-09-27 00:00:00+00:00,1621.6328125
2022-09-28 00:00:00+00:00,1648.6279296875
2022-09-29 00:00:00+00:00,1656.146728515625
2022-09-30 00:00:00+00:00,1655.731689453125
2022-10-01 00:00:00+00:00,1654.7305908203125
2022-10-02 00:00:00+00:00,1656.7674560546875
2022-10-03 00:00:00+00:00,1696.606689453125
2022-10-04 00:00:00+00:00,1719.3223876953125
2022-10-05 00:00:00+00:00,1709.51611328125
2022-10-06 00:00:00+00:00,1704.2520751953125
2022-10-07 00:00:00+00:00,1690.87744140625
2022-10-08 00:00:00+00:00,1688.6922607421875
2022-10-09 00:00:00+00:00,1690.720703125
2022-10-10 00:00:00+00:00,1662.4976806640625
2022-10-11 00:00:00+00:00,1660.6190185546875
2022-10-12 00:00:00+00:00,1665.71728515625
2022-10-13 00:00:00+00:00,1657.4422607421875
2022-10-14 00:00:00+00:00,1637.939453125
2022-10-15 00:00:00+00:00,1636.841064453125
2022-10-16 00:00:00+00:00,1640.7940673828125
2022-10-17 00:00:00+00:00,1645.488525390625
2022-10-18 00:00:00+00:00,1646.057373046875
2022-10-19 00:00:00+00:00,1621.928466796875
2022-10-20 00:00:00+00:00,1621.2685546875
2022-10-21 00:00:00+00:00,1649.3297119140625
2022-10-22 00:00:00+00:00,1651.2530517578125
2022-10-23 00:00:00+00:00,1657.8817138671875
2022-10-24 00:00:00+00:00,1644.4521484375
2022-10-25 00:00:00+00:00,1646.096923828125
2022-10-26 00:00:00+00:00,1660.0426025390625
2022-10-27 00:00:00+00:00,1654.546630859375
2022-10-28 00:00:00+00:00,1637.9920654296875
2022-10-29 00:00:00+00:00,1639.1572265625
2022-10-30 00:00:00+00:00,1638.110595703125
2022-10-31 00:00:00+00:00,1627.8917236328125
2022-11-01 00:00:00+00:00,1640.7034912109375
2022-11-02 00:00:00+00:00,1629.218017578125
2022-11-03 00:00:00+00:00,1625.610107421875
2022-11-04 00:00:00+00:00,1672.5194091796875
2022-11-05 00:00:00+00:00,1672.7962646484375
2022-11-06 00:00:00+00:00,1664.7041015625
2022-11-07 00:00:00+00:00,1666.2957763671875
2022-11-08 00:00:00+00:00,1700.5172119140625
2022-11-09 00:00:00+00:00,1695.79541015625
2022-11-10 00:00:00+00:00,1747.4427490234375
2022-11-11 00:00:00+00:00,1775.9349365234375
2022-11-12 00:00:00+00:00,1734.7208251953125
2022-11-13 00:00:00+00:00,1742.0166015625
2022-11-14 00:00:00+00:00,1751.009033203125
2022-11-15 00:00:00+00:00,1773.3065185546875
2022-11-16 00:00:00+00:00,1765.3123779296875
2022-11-17 00:00:00+00:00,1755.6239013671875
2022-11-18 00:00:00+00:00,1741.8917236328125
2022-11-19 00:00:00+00:00,1746.141845703125
2022-11-20 00:00:00+00:00,1747.024169921875
2022-11-21 00:00:00+00:00,1737.881591796875
2022-11-22 00:00:00+00:00,1734.55224609375
2022-11-23 00:00:00+00:00,1743.140869140625
2022-11-24 00:00:00+00:00,1745.6611328125
2022-11-25 00:00:00+00:00,1749.0784912109375
2022-11-26 00:00:00+00:00,1748.338623046875
2022-11-27 00:00:00+00:00,1747.89013671875
2022-11-28 00:00:00+00:00,1740.4971923828125
2022-11-29 00:00:00+00:00,1739.4302978515625
2022-11-30 00:00:00+00:00,1762.9130859375
2022-12-01 00:00:00+00:00,1791.167236328125
2022-12-02 00:00:00+00:00,1787.345458984375
2022-12-03 00:00:00+00:00,1785.9144287109375
2022-12-04 00:00:00+00:00,1791.4996337890625
2022-12-05 00:00:00+00:00,1770.7059326171875
2022-12-06 00:00:00+00:00,1774.9761962890625
2022-12-07 00:00:00+00:00,1786.986572265625
2022-12-08 00:00:00+00:00,1788.5067138671875
2022-12-09 00:00:00+00:00,1794.705322265625
2022-12-10 00:00:00+00:00,1790.6568603515625
2022-12-11 00:00:00+00:00,1796.8951416015625
2022-12-12 00:00:00+00:00,1778.84326171875
2022-12-13 00:00:00+00:00,1809.627685546875
2022-12-14 00:00:00+00:00,1801.4368896484375
2022-12-15 00:00:00+00:00,1791.045166015625
2022-12-16 00:00:00+00:00,1800.80712890625
2022-12-17 00:00:00+00:00,1803.271240234375
2022-12-18 00:00:00+00:00,1797.8734130859375
2022-12-19 00:00:00+00:00,1797.397705078125
2022-12-20 00:00:00+00:00,1812.06787109375
2022-12-21 00:00:00+00:00,1814.22412109375
2022-12-22 00:00:00+00:00,1794.6796875
2022-12-23 00:00:00+00:00,1806.3720703125
2022-12-24 00:00:00+00:00,1802.5343017578125
2022-12-25 00:00:00+00:00,1801.6414794921875
2022-12-26 00:00:00+00:00,1800.9864501953125
2022-12-27 00:00:00+00:00,1815.0831298828125
2022-12-28 00:00:00+00:00,1807.3564453125
2022-12-29 00:00:00+00:00,1814.0986328125
2022-12-30 00:00:00+00:00,1821.42333984375
2022-12-31 00:00:00+00:00,1819.547119140625
2023-01-01 00:00:00+00:00,1822.371337890625
2023-01-02 00:00:00+00:00,1822.2659912109375
2023-01-03 00:00:00+00:00,1841.511474609375
2023-01-04 00:00:00+00:00,1851.6796875
2023-01-05 00:00:00+00:00,1834.5084228515625
2023-01-06 00:00:00+00:00,1854.532958984375
2023-01-07 00:00:00+00:00,1860.696533203125
2023-01-08 00:00:00+00:00,1860.0416259765625
2023-01-09 00:00:00+00:00,1861.9610595703125
2023-01-10 00:00:00+00:00,1864.1810302734375
2023-01-11 00:00:00+00:00,1873.1505126953125
2023-01-12 00:00:00+00:00,1883.119384765625
2023-01-13 00:00:00+00:00,1896.9927978515625
2023-01-14 00:00:00+00:00,1889.07275390625
2023-01-15 00:00:00+00:00,1899.4775390625
2023-01-16 00:00:00+00:00,1886.5399169921875
2023-01-17 00:00:00+00:00,1889.1044921875
2023-01-18 00:00:00+00:00,1886.582275390625
2023-01-19 00:00:00+00:00,1913.1416015625
2023-01-20 00:00:00+00:00,1905.75048828125
2023-01-21 00:00:00+00:00,1908.5263671875
2023-01-22 00:00:00+00:00,1907.24609375
2023-01-23 00:00:00+00:00,1910.06591796875
2023-01-24 00:00:00+00:00,1906.6025390625
2023-01-25 00:00:00+00:00,1922.3480224609375
2023-01-26 00:00:00+00:00,1918.997802734375
2023-01-27 00:00:00+00:00,1915.4810791015625
2023-01-28 00:00:00+00:00,1915.003662109375
2023-01-29 00:00:00+00:00,1913.139892578125
2023-01-30 00:00:00+00:00,1895.3519287109375
2023-01-31 00:00:00+00:00,1900.023681640625
2023-02-01 00:00:00+00:00,1913.22314453125
2023-02-02 00:00:00+00:00,1901.5015869140625
2023-02-03 00:00:00+00:00,1870.67138671875
2023-02-04 00:00:00+00:00,1860.241943359375
2023-02-05 00:00:00+00:00,1857.7391357421875
2023-02-06 00:00:00+00:00,1867.4412841796875
2023-02-07 00:00:00+00:00,1860.741455078125
2023-02-08 00:00:00+00:00,1861.1463623046875
2023-02-09 00:00:00+00:00,1845.3251953125
2023-02-10 00:00:00+00:00,1825.0911865234375
2023-02-11 00:00:00+00:00,1831.4654541015625
2023-02-12 00:00:00+00:00,1828.989013671875
2023-02-13 00:00:00+00:00,1806.0648193359375
2023-02-14 00:00:00+00:00,1833.22705078125
2023-02-15 00:00:00+00:00,1824.958251953125
2023-02-16 00:00:00+00:00,1819.0220947265625
2023-02-17 00:00:00+00:00,1815.322265625
2023-02-18 00:00:00+00:00,1823.3900146484375
2023-02-19 00:00:00+00:00,1821.658203125
2023-02-20 00:00:00+00:00,1816.7274169921875
2023-02-21 00:00:00+00:00,1811.5828857421875
2023-02-22 00:00:00+00:00,1812.8677978515625
2023-02-23 00:00:00+00:00,1814.3504638671875
2023-02-24 00:00:00+00:00,1800.7398681640625
2023-02-25 00:00:00+00:00,1794.366943359375
2023-02-26 00:00:00+00:00,1797.281982421875
2023-02-27 00:00:00+00:00,1805.1595458984375
2023-02-28 00:00:00+00:00,1808.871337890625
2023-03-01 00:00:00+00:00,1824.9390869140625
2023-03-02 00:00:00+00:00,1826.4527587890625
2023-03-03 00:00:00+00:00,1843.9583740234375
2023-03-04 00:00:00+00:00,1850.277099609375
2023-03-05 00:00:00+00:00,1845.83154296875
2023-03-06 00:00:00+00:00,1831.4906005859375
2023-03-07 00:00:00+00:00,1806.93505859375
2023-03-08 00:00:00+00:00,1806.4393310546875
2023-03-09 00:00:00+00:00,1809.7559814453125
2023-03-10 00:00:00+00:00,1868.05517578125
2023-03-11 00:00:00+00:00,1903.259765625
2023-03-12 00:00:00+00:00,1918.7265625
2023-03-13 00:00:00+00:00,1928.1329345703125
2023-03-14 00:00:00+00:00,1910.885986328125
2023-03-15 00:00:00+00:00,1929.0836181640625
2023-03-16 00:00:00+00:00,1912.2286376953125
2023-03-17 00:00:00+00:00,1965.34619140625
2023-03-18 00:00:00+00:00,1963.58056640625
2023-03-19 00:00:00+00:00,1975.6558837890625
2023-03-20 00:00:00+00:00,1982.8668212890625
2023-03-21 00:00:00+00:00,1950.412109375
2023-03-22 00:00:00+00:00,1977.9765625
2023-03-23 00:00:00+00:00,1993.351318359375
2023-03-24 00:00:00+00:00,1987.959228515625
2023-03-25 00:00:00+00:00,1998.56005859375
2023-03-26 00:00:00+00:00,1990.47802734375
2023-03-27 00:00:00+00:00,1981.2379150390625
2023-03-28 00:00:00+00:00,1986.073486328125
2023-03-29 00:00:00+00:00,1982.794677734375
2023-03-30 00:00:00+00:00,1982.4658203125
2023-03-31 00:00:00+00:00,1978.31689453125
2023-04-01 00:00:00+00:00,1977.45849609375
2023-04-02 00:00:00+00:00,1973.987060546875
2023-04-03 00:00:00+00:00,1986.1685791015625
2023-04-04 00:00:00+00:00,2024.397216796875
2023-04-05 00:00:00+00:00,2030.669189453125
2023-04-06 00:00:00+00:00,2017.3612060546875
2023-04-07 00:00:00+00:00,2023.2396240234375
2023-04-08 00:00:00+00:00,2020.01025390625
2023-04-09 00:00:00+00:00,2020.76806640625
2023-04-10 00:00:00+00:00,2005.815673828125
2023-04-11 00:00:00+00:00,2023.0201416015625
2023-04-12 00:00:00+00:00,2031.911865234375
2023-04-13 00:00:00+00:00,2046.224365234375
2023-04-14 00:00:00+00:00,2018.4805908203125
2023-04-15 00:00:00+00:00,2016.8338623046875
2023-04-16 00:00:00+00:00,2018.9437255859375
2023-04-17 00:00:00+00:00,2012.4794921875
2023-04-18 00:00:00+00:00,2014.394287109375
2023-04-19 00:00:00+00:00,2004.290771484375
2023-04-20 00:00:00+00:00,2006.597412109375
2023-04-21 00:00:00+00:00,1983.8419189453125
2023-04-22 00:00:00+00:00,1983.813232421875
2023-04-23 00:00:00+00:00,1986.292236328125
2023-04-24 00:00:00+00:00,1995.211669921875
2023-04-25 00:00:00+00:00,2002.277587890625
2023-04-26 00:00:00+00:00,1988.7015380859375
2023-04-27 00:00:00+00:00,1987.5450439453125
2023-04-28 00:00:00+00:00,1988.193115234375
2023-04-29 00:00:00+00:00,1998.0079345703125
2023-04-30 00:00:00+00:00,2000.9384765625
2023-05-01 00:00:00+00:00,1995.661865234375
2023-05-02 00:00:00+00:00,2014.292236328125
2023-05-03 00:00:00+00:00,2044.4500732421875
2023-05-04 00:00:00+00:00,2050.4052734375
2023-05-05 00:00:00+00:00,2020.5916748046875
2023-05-06 00:00:00+00:00,2024.555908203125
2023-05-07 00:00:00+00:00,2018.8114013671875
2023-05-08 00:00:00+00:00,2028.6873779296875
2023-05-09 00:00:00+00:00,2039.734130859375
2023-05-10 00:00:00+00:00,2042.9896240234375
2023-05-11 00:00:00+00:00,2024.405029296875
2023-05-12 00:00:00+00:00,2025.80224609375
2023-05-13 00:00:00+00:00,2020.7459716796875
2023-05-14 00:00:00+00:00,2019.4971923828125
2023-05-15 00:00:00+00:00,2017.34716796875
2023-05-16 00:00:00+00:00,1997.4776611328125
2023-05-17 00:00:00+00:00,1995.79248046875
2023-05-18 00:00:00+00:00,1978.5972900390625
2023-05-19 00:00:00+00:00,1996.5374755859375
2023-05-20 00:00:00+00:00,1993.51953125
2023-05-21 00:00:00+00:00,1989.7113037109375
2023-05-22 00:00:00+00:00,1980.5234375
2023-05-23 00:00:00+00:00,1985.54736328125
2023-05-24 00:00:00+00:00,1971.7099609375
2023-05-25 00:00:00+00:00,1965.3729248046875
2023-05-26 00:00:00+00:00,1962.481201171875
2023-05-27 00:00:00+00:00,1966.017333984375
2023-05-28 00:00:00+00:00,1962.60888671875
2023-05-29 00:00:00+00:00,1957.789794921875
2023-05-30 00:00:00+00:00,1968.1883544921875
2023-05-31 00:00:00+00:00,1969.7386474609375
2023-06-01 00:00:00+00:00,1980.835693359375
2023-06-02 00:00:00+00:00,1957.708251953125
2023-06-03 00:00:00+00:00,1947.7532958984375
2023-06-04 00:00:00+00:00,1946.659912109375
2023-06-05 00:00:00+00:00,1920.23583984375
2023-06-06 00:00:00+00:00,1936.793212890625
2023-06-07 00:00:00+00:00,1924.7119140625
2023-06-08 00:00:00+00:00,1922.29052734375
2023-06-09 00:00:00+00:00,1917.9833984375
2023-06-10 00:00:00+00:00,1920.7275390625
2023-06-11 00:00:00+00:00,1918.474609375
2023-06-12 00:00:00+00:00,1931.5933837890625
2023-06-13 00:00:00+00:00,1915.7974853515625
2023-06-14 00:00:00+00:00,1917.9698486328125
2023-06-15 00:00:00+00:00,1930.332275390625
2023-06-16 00:00:00+00:00,1942.54248046875
2023-06-17 00:00:00+00:00,1928.8858642578125
2023-06-18 00:00:00+00:00,1927.9005126953125
2023-06-19 00:00:00+00:00,1926.08349609375
2023-06-20 00:00:00+00:00,1924.8402099609375
2023-06-21 00:00:00+00:00,1924.0137939453125
2023-06-22 00:00:00+00:00,1906.16455078125
2023-06-23 00:00:00+00:00,1909.5858154296875
2023-06-24 00:00:00+00:00,1909.6700439453125
2023-06-25 00:00:00+00:00,1907.01708984375
2023-06-26 00:00:00+00:00,1906.4810791015625
2023-06-27 00:00:00+00:00,1904.4967041015625
2023-06-28 00:00:00+00:00,1890.7310791015625
2023-06-29 00:00:00+00:00,1892.7701416015625
2023-06-30 00:00:00+00:00,1901.8287353515625
2023-07-01 00:00:00+00:00,1896.9996337890625
2023-07-02 00:00:00+00:00,1897.461669921875
2023-07-03 00:00:00+00:00,1897.169921875
2023-07-04 00:00:00+00:00,1898.193359375
2023-07-05 00:00:00+00:00,1892.6146240234375
2023-07-06 00:00:00+00:00,1891.2364501953125
2023-07-07 00:00:00+00:00,1906.039306640625
2023-07-08 00:00:00+00:00,1904.8970947265625
2023-07-09 00:00:00+00:00,1903.506103515625
2023-07-10 00:00:00+00:00,1908.2999267578125
2023-07-11 00:00:00+00:00,1918.5167236328125
2023-07-12 00:00:00+00:00,1943.344482421875
2023-07-13 00:00:00+00:00,1941.3414306640625
2023-07-14 00:00:00+00:00,1930.4940185546875
2023-07-15 00:00:00+00:00,1922.6055908203125
2023-07-16 00:00:00+00:00,1927.3388671875
2023-07-17 00:00:00+00:00,1918.17626953125
2023-07-18 00:00:00+00:00,1939.600830078125
2023-07-19 00:00:00+00:00,1939.3233642578125
2023-07-20 00:00:00+00:00,1933.45068359375
2023-07-21 00:00:00+00:00,1925.4989013671875
2023-07-22 00:00:00+00:00,1927.758544921875
2023-07-23 00:00:00+00:00,1932.8668212890625
2023-07-24 00:00:00+00:00,1935.571044921875
2023-07-25 00:00:00+00:00,1944.872802734375
2023-07-26 00:00:00+00:00,1956.1646728515625
2023-07-27 00:00:00+00:00,1940.9097900390625
2023-07-28 00:00:00+00:00,1949.857666015625
2023-07-29 00:00:00+00:00,1947.81298828125
2023-07-30 00:00:00+00:00,1946.8070068359375
2023-07-31 00:00:00+00:00,1954.4085693359375
2023-08-01 00:00:00+00:00,1949.7049560546875
2023-08-02 00:00:00+00:00,1930.128173828125
2023-08-03 00:00:00+00:00,1932.5367431640625
2023-08-04 00:00:00+00:00,1941.6533203125
2023-08-05 00:00:00+00:00,1942.176025390625
2023-08-06 00:00:00+00:00,1940.03076171875
2023-08-07 00:00:00+00:00,1943.1837158203125
2023-08-08 00:00:00+00:00,1930.0899658203125
2023-08-09 00:00:00+00:00,1920.5623779296875
2023-08-10 00:00:00+00:00,1917.6160888671875
2023-08-11 00:00:00+00:00,1908.407470703125
2023-08-12 00:00:00+00:00,1904.3839111328125
2023-08-13 00:00:00+00:00,1905.087158203125
2023-08-14 00:00:00+00:00,1900.6038818359375
2023-08-15 00:00:00+00:00,1899.0892333984375
2023-08-16 00:00:00+00:00,1891.634521484375
2023-08-17 00:00:00+00:00,1872.770751953125
2023-08-18 00:00:00+00:00,1875.0994873046875
2023-08-19 00:00:00+00:00,1874.172607421875
2023-08-20 00:00:00+00:00,1876.764892578125
2023-08-21 00:00:00+00:00,1880.50341796875
2023-08-22 00:00:00+00:00,1889.603515625
2023-08-23 00:00:00+00:00,1910.0650634765625
2023-08-24 00:00:00+00:00,1907.854248046875
2023-08-25 00:00:00+00:00,1902.9205322265625
2023-08-26 00:00:00+00:00,1903.4991455078125
2023-08-27 00:00:00+00:00,1901.181884765625
2023-08-28 00:00:00+00:00,1903.251708984375
2023-08-29 00:00:00+00:00,1912.3316650390625
2023-08-30 00:00:00+00:00,1923.6151123046875
2023-08-31 00:00:00+00:00,1918.421142578125
2023-09-01 00:00:00+00:00,1917.588623046875
2023-09-02 00:00:00+00:00,1916.9642333984375
2023-09-03 00:00:00+00:00,1918.447021484375
2023-09-04 00:00:00+00:00,1918.640625
2023-09-05 00:00:00+00:00,1911.71533203125
2023-09-06 00:00:00+00:00,1899.6627197265625
2023-09-07 00:00:00+00:00,1906.9620361328125
2023-09-08 00:00:00+00:00,1902.331787109375
2023-09-09 00:00:00+00:00,1897.953857421875
2023-09-10 00:00:00+00:00,1897.423583984375
2023-09-11 00:00:00+00:00,1903.39208984375
2023-09-12 00:00:00+00:00,1893.018310546875
2023-09-13 00:00:00+00:00,1890.5599365234375
2023-09-14 00:00:00+00:00,1894.3189697265625
2023-09-15 00:00:00+00:00,1910.2213134765625
2023-09-16 00:00:00+00:00,1906.9931640625
2023-09-17 00:00:00+00:00,1910.037841796875
2023-09-18 00:00:00+00:00,1919.7115478515625
2023-09-19 00:00:00+00:00,1920.72412109375
2023-09-20 00:00:00+00:00,1921.962158203125
2023-09-21 00:00:00+00:00,1911.636962890625
2023-09-22 00:00:00+00:00,1912.5408935546875
2023-09-23 00:00:00+00:00,1914.4893798828125
2023-09-24 00:00:00+00:00,1912.7349853515625
2023-09-25 00:00:00+00:00,1908.000732421875
2023-09-26 00:00:00+00:00,1900.0604248046875
2023-09-27 00:00:00+00:00,1882.1561279296875
2023-09-28 00:00:00+00:00,1873.80419921875
2023-09-29 00:00:00+00:00,1867.7994384765625
2023-09-30 00:00:00+00:00,1870.1083984375
2023-10-01 00:00:00+00:00,1867.61376953125
2023-10-02 00:00:00+00:00,1842.86865234375
2023-10-03 00:00:00+00:00,1831.653564453125
2023-10-04 00:00:00+00:00,1836.6785888671875
2023-10-05 00:00:00+00:00,1830.641357421875
2023-10-06 00:00:00+00:00,1841.48828125
2023-10-07 00:00:00+00:00,1855.871826171875
2023-10-08 00:00:00+00:00,1865.1278076171875
2023-10-09 00:00:00+00:00,1866.218505859375
2023-10-10 00:00:00+00:00,1863.33984375
2023-10-11 00:00:00+00:00,1875.597412109375
2023-10-12 00:00:00+00:00,1871.9793701171875
2023-10-13 00:00:00+00:00,1915.154052734375
2023-10-14 00:00:00+00:00,1918.144775390625
2023-10-15 00:00:00+00:00,1919.550048828125
2023-10-16 00:00:00+00:00,1910.286865234375
2023-10-17 00:00:00+00:00,1919.330810546875
2023-10-18 00:00:00+00:00,1941.133056640625
2023-10-19 00:00:00+00:00,1961.3997802734375
2023-10-20 00:00:00+00:00,1965.47021484375
2023-10-21 00:00:00+00:00,1965.158935546875
2023-10-22 00:00:00+00:00,1968.585205078125
2023-10-23 00:00:00+00:00,1957.67431640625
2023-10-24 00:00:00+00:00,1955.3333740234375
2023-10-25 00:00:00+00:00,1962.5706787109375
2023-10-26 00:00:00+00:00,1965.8809814453125
2023-10-27 00:00:00+00:00,1988.1348876953125
2023-10-28 00:00:00+00:00,1988.619140625
2023-10-29 00:00:00+00:00,1982.576904296875
2023-10-30 00:00:00+00:00,1977.963623046875
2023-10-31 00:00:00+00:00,1969.4207763671875
2023-11-01 00:00:00+00:00,1966.5006103515625
2023-11-02 00:00:00+00:00,1962.2926025390625
2023-11-03 00:00:00+00:00,1972.825927734375
2023-11-04 00:00:00+00:00,1967.5679931640625
2023-11-05 00:00:00+00:00,1959.6259765625
2023-11-06 00:00:00+00:00,1956.6746826171875
2023-11-07 00:00:00+00:00,1947.7508544921875
2023-11-08 00:00:00+00:00,1931.407958984375
2023-11-09 00:00:00+00:00,1945.7989501953125
2023-11-10 00:00:00+00:00,1924.3724365234375
2023-11-11 00:00:00+00:00,1920.5791015625
2023-11-12 00:00:00+00:00,1918.841552734375
2023-11-13 00:00:00+00:00,1930.8404541015625
2023-11-14 00:00:00+00:00,1941.369873046875
2023-11-15 00:00:00+00:00,1943.261474609375
2023-11-16 00:00:00+00:00,1959.0963134765625
2023-11-17 00:00:00+00:00,1967.7991943359375
2023-11-18 00:00:00+00:00,1962.080322265625
2023-11-19 00:00:00+00:00,1962.2410888671875
2023-11-20 00:00:00+00:00,1960.43896484375
2023-11-21 00:00:00+00:00,1978.9320068359375
2023-11-22 00:00:00+00:00,1981.665771484375
2023-11-23 00:00:00+00:00,1979.65576171875
2023-11-24 00:00:00+00:00,1985.716552734375
2023-11-25 00:00:00+00:00,1983.8438720703125
2023-11-26 00:00:00+00:00,1984.4180908203125
2023-11-27 00:00:00+00:00,1999.215087890625
2023-11-28 00:00:00+00:00,2022.2247314453125
2023-11-29 00:00:00+00:00,2024.512451171875
2023-11-30 00:00:00+00:00,2021.532470703125
2023-12-01 00:00:00+00:00,2049.712646484375
2023-12-02 00:00:00+00:00,2044.9818115234375
2023-12-03 00:00:00+00:00,2085.33837890625
2023-12-04 00:00:00+00:00,2024.70703125
2023-12-05 00:00:00+00:00,2012.989013671875
2023-12-06 00:00:00+00:00,2007.3502197265625
2023-12-07 00:00:00+00:00,2018.133056640625
2023-12-08 00:00:00+00:00,2003.5435791015625
2023-12-09 00:00:00+00:00,1993.9033203125
2023-12-10 00:00:00+00:00,1989.839599609375
2023-12-11 00:00:00+00:00,1968.80029296875
2023-12-12 00:00:00+00:00,1964.0367431640625
2023-12-13 00:00:00+00:00,2007.1566162109375
2023-12-14 00:00:00+00:00,2017.1439208984375
2023-12-15 00:00:00+00:00,2003.3297119140625
2023-12-16 00:00:00+00:00,1994.015380859375
2023-12-17 00:00:00+00:00,1995.436279296875
2023-12-18 00:00:00+00:00,2010.926025390625
2023-12-19 00:00:00+00:00,2021.2349853515625
2023-12-20 00:00:00+00:00,2013.08251953125
2023-12-21 00:00:00+00:00,2029.20263671875
2023-12-22 00:00:00+00:00,2029.1270751953125
2023-12-23 00:00:00+00:00,2028.609130859375
2023-12-24 00:00:00+00:00,2029.48828125
2023-12-25 00:00:00+00:00,2030.7337646484375
2023-12-26 00:00:00+00:00,2036.1387939453125
2023-12-27 00:00:00+00:00,2053.206787109375
2023-12-28 00:00:00+00:00,2049.714111328125
2023-12-29 00:00:00+00:00,2037.5982666015625
2023-12-30 00:00:00+00:00,2027.9488525390625
2023-12-31 00:00:00+00:00,2026.4564208984375
2024-01-01 00:00:00+00:00,2031.2996826171875
2024-01-02 00:00:00+00:00,2033.2503662109375
2024-01-03 00:00:00+00:00,2018.0245361328125
2024-01-04 00:00:00+00:00,2022.7568359375
2024-01-05 00:00:00+00:00,2022.3746337890625
2024-01-06 00:00:00+00:00,2017.7581787109375
2024-01-07 00:00:00+00:00,2015.5103759765625
2024-01-08 00:00:00+00:00,2008.7642822265625
2024-01-09 00:00:00+00:00,2013.1192626953125
2024-01-10 00:00:00+00:00,2000.6668701171875
2024-01-11 00:00:00+00:00,2013.6439208984375
2024-01-12 00:00:00+00:00,2022.52197265625
2024-01-13 00:00:00+00:00,2019.2640380859375
2024-01-14 00:00:00+00:00,2019.943603515625
2024-01-15 00:00:00+00:00,2038.7811279296875
2024-01-16 00:00:00+00:00,2017.2049560546875
2024-01-17 00:00:00+00:00,2003.4840087890625
2024-01-18 00:00:00+00:00,2013.674072265625
2024-01-19 00:00:00+00:00,2010.4566650390625
2024-01-20 00:00:00+00:00,2011.6358642578125
2024-01-21 00:00:00+00:00,2006.8359375
2024-01-22 00:00:00+00:00,1998.9501953125
2024-01-23 00:00:00+00:00,2008.2857666015625
2024-01-24 00:00:00+00:00,2003.419677734375
2024-01-25 00:00:00+00:00,2003.24560546875
2024-01-26 00:00:00+00:00,1998.927734375
2024-01-27 00:00:00+00:00,1998.884521484375
2024-01-28 00:00:00+00:00,2006.891845703125
2024-01-29 00:00:00+00:00,2009.04150390625
2024-01-30 00:00:00+00:00,2015.3223876953125
2024-01-31 00:00:00+00:00,2019.1053466796875
2024-02-01 00:00:00+00:00,2035.1259765625
2024-02-02 00:00:00+00:00,2023.729248046875
2024-02-03 00:00:00+00:00,2019.3955078125
2024-02-04 00:00:00+00:00,2019.2515869140625
2024-02-05 00:00:00+00:00,2004.479736328125
2024-02-06 00:00:00+00:00,2016.6729736328125
2024-02-07 00:00:00+00:00,2015.4307861328125
2024-02-08 00:00:00+00:00,2010.811279296875
2024-02-09 00:00:00+00:00,2003.1251220703125
2024-02-10 00:00:00+00:00,2000.7177734375
2024-02-11 00:00:00+00:00,2005.05810546875
2024-02-12 00:00:00+00:00,2000.056640625
2024-02-13 00:00:00+00:00,1991.04638671875
2024-02-14 00:00:00+00:00,1982.313232421875
2024-02-15 00:00:00+00:00,1982.804443359375
2024-02-16 00:00:00+00:00,1987.6827392578125
2024-02-17 00:00:00+00:00,1988.71240234375
2024-02-18 00:00:00+00:00,1991.33740234375
2024-02-19 00:00:00+00:00,1989.1495361328125
2024-02-20 00:00:00+00:00,2003.4251708984375
2024-02-21 00:00:00+00:00,2002.6746826171875
2024-02-22 00:00:00+00:00,2000.1544189453125
2024-02-23 00:00:00+00:00,2008.475341796875
2024-02-24 00:00:00+00:00,2006.6251220703125
2024-02-25 00:00:00+00:00,2007.370849609375
2024-02-26 00:00:00+00:00,2006.23046875
2024-02-27 00:00:00+00:00,2004.7376708984375
2024-02-28 00:00:00+00:00,2019.9144287109375
2024-02-29 00:00:00+00:00,1995.5350341796875
2024-03-01 00:00:00+00:00,2023.880859375
2024-03-02 00:00:00+00:00,2030.919677734375
2024-03-03 00:00:00+00:00,2024.628662109375
2024-03-04 00:00:00+00:00,2068.941650390625
2024-03-05 00:00:00+00:00,2093.193603515625
2024-03-06 00:00:00+00:00,2111.3291015625
2024-03-07 00:00:00+00:00,2133.302490234375
2024-03-08 00:00:00+00:00,2135.247314453125
2024-03-09 00:00:00+00:00,2133.599365234375
2024-03-10 00:00:00+00:00,2140.946044921875
2024-03-11 00:00:00+00:00,2159.764404296875
2024-03-12 00:00:00+00:00,2144.093994140625
2024-03-13 00:00:00+00:00,2154.377685546875
2024-03-14 00:00:00+00:00,2144.03173828125
2024-03-15 00:00:00+00:00,2135.151123046875
2024-03-16 00:00:00+00:00,2120.2177734375
2024-03-17 00:00:00+00:00,2120.375732421875
2024-03-18 00:00:00+00:00,2142.11181640625
2024-03-19 00:00:00+00:00,2131.596923828125
2024-03-20 00:00:00+00:00,2184.35302734375
2024-03-21 00:00:00+00:00,2173.56591796875
2024-03-22 00:00:00+00:00,2150.17041015625
2024-03-23 00:00:00+00:00,2148.237060546875
2024-03-24 00:00:00+00:00,2158.837646484375
2024-03-25 00:00:00+00:00,2167.076171875
2024-03-26 00:00:00+00:00,2164.538330078125
2024-03-27 00:00:00+00:00,2168.571044921875
2024-03-28 00:00:00+00:00,2213.7548828125
2024-03-29 00:00:00+00:00,2217.904541015625
2024-03-30 00:00:00+00:00,2208.1025390625
2024-03-31 00:00:00+00:00,2220.93115234375
2024-04-01 00:00:00+00:00,2233.73828125
2024-04-02 00:00:00+00:00,2262.97705078125
2024-04-03 00:00:00+00:00,2300.30419921875
2024-04-04 00:00:00+00:00,2270.65478515625
2024-04-05 00:00:00+00:00,2317.159912109375
2024-04-06 00:00:00+00:00,2303.8662109375
2024-04-07 00:00:00+00:00,2289.18701171875
2024-04-08 00:00:00+00:00,2319.349609375
2024-04-09 00:00:00+00:00,2332.94140625
2024-04-10 00:00:00+00:00,2323.704345703125
2024-04-11 00:00:00+00:00,2365.912353515625
2024-04-12 00:00:00+00:00,2358.375
2024-04-13 00:00:00+00:00,2447.331298828125
2024-04-14 00:00:00+00:00,2394.861083984375
2024-04-15 00:00:00+00:00,2436.097900390625
2024-04-16 00:00:00+00:00,2402.253662109375
2024-04-17 00:00:00+00:00,2395.954833984375
2024-04-18 00:00:00+00:00,2387.431884765625
2024-04-19 00:00:00+00:00,2398.142822265625
2024-04-20 00:00:00+00:00,2390.1728515625
2024-04-21 00:00:00+00:00,2376.44140625
2024-04-22 00:00:00+00:00,2323.06298828125
2024-04-23 00:00:00+00:00,2309.41650390625
2024-04-24 00:00:00+00:00,2295.919921875
2024-04-25 00:00:00+00:00,2326.024169921875
2024-04-26 00:00:00+00:00,2343.39599609375
2024-04-27 00:00:00+00:00,2356.54443359375
2024-04-28 00:00:00+00:00,2352.764404296875
2024-04-29 00:00:00+00:00,2344.9501953125
2024-04-30 00:00:00+00:00,2299.805908203125
2024-05-01 00:00:00+00:00,2307.3134765625
2024-05-02 00:00:00+00:00,2293.1484375
2024-05-03 00:00:00+00:00,2289.556640625
2024-05-04 00:00:00+00:00,2287.263916015625
2024-05-05 00:00:00+00:00,2286.947509765625
2024-05-06 00:00:00+00:00,2303.567138671875
2024-05-07 00:00:00+00:00,2289.5322265625
2024-05-08 00:00:00+00:00,2295.371826171875
2024-05-09 00:00:00+00:00,2338.6455078125
2024-05-10 00:00:00+00:00,2331.592529296875
2024-05-11 00:00:00+00:00,2337.66455078125
2024-05-12 00:00:00+00:00,2341.1708984375
2024-05-13 00:00:00+00:00,2320.77783203125
2024-05-14 00:00:00+00:00,2339.515380859375
2024-05-15 00:00:00+00:00,2380.7333984375
2024-05-16 00:00:00+00:00,2361.763427734375
2024-05-17 00:00:00+00:00,2390.864501953125
2024-05-18 00:00:00+00:00,2384.406494140625
2024-05-19 00:00:00+00:00,2404.990234375
2024-05-20 00:00:00+00:00,2413.0888671875
2024-05-21 00:00:00+00:00,2406.47705078125
2024-05-22 00:00:00+00:00,2383.259521484375
2024-05-23 00:00:00+00:00,2341.13134765625
2024-05-24 00:00:00+00:00,2344.740966796875
2024-05-25 00:00:00+00:00,2344.287353515625
2024-05-26 00:00:00+00:00,2347.998046875
2024-05-27 00:00:00+00:00,2355.140625
2024-05-28 00:00:00+00:00,2348.06396484375
2024-05-29 00:00:00+00:00,2326.9912109375
2024-05-30 00:00:00+00:00,2338.603515625
2024-05-31 00:00:00+00:00,2330.931640625
2024-06-01 00:00:00+00:00,2342.4560546875
2024-06-02 00:00:00+00:00,2332.491943359375
2024-06-03 00:00:00+00:00,2346.189697265625
2024-06-04 00:00:00+00:00,2335.61279296875
2024-06-05 00:00:00+00:00,2358.10888671875
2024-06-06 00:00:00+00:00,2363.8046875
2024-06-07 00:00:00+00:00,2306.594970703125
2024-06-08 00:00:00+00:00,2302.71728515625
2024-06-09 00:00:00+00:00,2311.229248046875
2024-06-10 00:00:00+00:00,2315.4013671875
2024-06-11 00:00:00+00:00,2313.33447265625
2024-06-12 00:00:00+00:00,2315.602783203125
2024-06-13 00:00:00+00:00,2295.995361328125
2024-06-14 00:00:00+00:00,2318.36474609375
2024-06-15 00:00:00+00:00,2332.64892578125
2024-06-16 00:00:00+00:00,2325.277099609375
2024-06-17 00:00:00+00:00,2314.56103515625
2024-06-18 00:00:00+00:00,2318.33642578125
2024-06-19 00:00:00+00:00,2317.881591796875
2024-06-20 00:00:00+00:00,2341.88037109375
2024-06-21 00:00:00+00:00,2319.721923828125
2024-06-22 00:00:00+00:00,2316.939453125
2024-06-23 00:00:00+00:00,2311.71337890625
2024-06-24 00:00:00+00:00,2309.347412109375
2024-06-25 00:00:00+00:00,2301.913818359375
2024-06-26 00:00:00+00:00,2291.6787109375
2024-06-27 00:00:00+00:00,2305.677978515625
2024-06-28 00:00:00+00:00,2306.40283203125
2024-06-29 00:00:00+00:00,2304.040283203125
2024-06-30 00:00:00+00:00,2308.783447265625
2024-07-01 00:00:00+00:00,2312.5146484375
2024-07-02 00:00:00+00:00,2318.9248046875
2024-07-03 00:00:00+00:00,2339.2001953125
2024-07-04 00:00:00+00:00,2326.449951171875
2024-07-05 00:00:00+00:00,2355.041015625
2024-07-06 00:00:00+00:00,2352.720947265625
2024-07-07 00:00:00+00:00,2354.632080078125
2024-07-08 00:00:00+00:00,2345.114501953125
2024-07-09 00:00:00+00:00,2343.6787109375
2024-07-10 00:00:00+00:00,2354.2451171875
2024-07-11 00:00:00+00:00,2389.842041015625
2024-07-12 00:00:00+00:00,2390.119140625
2024-07-13 00:00:00+00:00,2388.39453125
2024-07-14 00:00:00+00:00,2390.5791015625
2024-07-15 00:00:00+00:00,2402.938232421875
2024-07-16 00:00:00+00:00,2448.17333984375
2024-07-17 00:00:00+00:00,2440.9853515625
2024-07-18 00:00:00+00:00,2425.037841796875
2024-07-19 00:00:00+00:00,2407.3359375
2024-07-20 00:00:00+00:00,2402.116943359375
2024-07-21 00:00:00+00:00,2408.83251953125
2024-07-22 00:00:00+00:00,2390.051025390625
2024-07-23 00:00:00+00:00,2397.48291015625
2024-07-24 00:00:00+00:00,2391.16455078125
2024-07-25 00:00:00+00:00,2369.678955078125
2024-07-26 00:00:00+00:00,2387.425537109375
2024-07-27 00:00:00+00:00,2384.029052734375
2024-07-28 00:00:00+00:00,2392.3037109375
2024-07-29 00:00:00+00:00,2386.185791015625
2024-07-30 00:00:00+00:00,2400.60693359375
2024-07-31 00:00:00+00:00,2430.6025390625
2024-08-01 00:00:00+00:00,2430.110595703125
2024-08-02 00:00:00+00:00,2454.504638671875
2024-08-03 00:00:00+00:00,2465.737548828125
2024-08-04 00:00:00+00:00,2447.55712890625
2024-08-05 00:00:00+00:00,2393.19970703125
2024-08-06 00:00:00+00:00,2386.966552734375
2024-08-07 00:00:00+00:00,2373.978759765625
2024-08-08 00:00:00+00:00,2416.65478515625
2024-08-09 00:00:00+00:00,2419.37353515625
2024-08-10 00:00:00+00:00,2427.374755859375
2024-08-11 00:00:00+00:00,2432.46533203125
2024-08-12 00:00:00+00:00,2466.24853515625
2024-08-13 00:00:00+00:00,2454.680419921875
2024-08-14 00:00:00+00:00,2444.942138671875
2024-08-15 00:00:00+00:00,2451.89599609375
2024-08-16 00:00:00+00:00,2492.13525390625
2024-08-17 00:00:00+00:00,2519.305908203125
2024-08-18 00:00:00+00:00,2504.202880859375
2024-08-19 00:00:00+00:00,2506.19775390625
2024-08-20 00:00:00+00:00,2507.479736328125
2024-08-21 00:00:00+00:00,2504.200439453125
2024-08-22 00:00:00+00:00,2487.035888671875
2024-08-23 00:00:00+00:00,2510.230224609375
2024-08-24 00:00:00+00:00,2511.534912109375
2024-08-25 00:00:00+00:00,2512.222412109375
2024-08-26 00:00:00+00:00,2507.93408203125
2024-08-27 00:00:00+00:00,2509.555419921875
2024-08-28 00:00:00+00:00,2500.77734375
2024-08-29 00:00:00+00:00,2509.330078125
2024-08-30 00:00:00+00:00,2495.7451171875
2024-08-31 00:00:00+00:00,2496.409423828125
2024-09-01 00:00:00+00:00,2492.838134765625
2024-09-02 00:00:00+00:00,2497.510009765625
2024-09-03 00:00:00+00:00,2491.306884765625
2024-09-04 00:00:00+00:00,2499.984130859375
2024-09-05 00:00:00+00:00,2510.0478515625
2024-09-06 00:00:00+00:00,2501.417724609375
2024-09-07 00:00:00+00:00,2494.233154296875
2024-09-08 00:00:00+00:00,2498.377197265625
2024-09-09 00:00:00+00:00,2507.87744140625
2024-09-10 00:00:00+00:00,2517.756103515625
2024-09-11 00:00:00+00:00,2513.696533203125
2024-09-12 00:00:00+00:00,2553.3056640625
2024-09-13 00:00:00+00:00,2580.45361328125
2024-09-14 00:00:00+00:00,2579.447509765625
2024-09-15 00:00:00+00:00,2578.1220703125
2024-09-16 00:00:00+00:00,2593.556640625
2024-09-17 00:00:00+00:00,2581.181396484375
2024-09-18 00:00:00+00:00,2578.983642578125
2024-09-19 00:00:00+00:00,2588.07958984375
2024-09-20 00:00:00+00:00,2625.094970703125
2024-09-21 00:00:00+00:00,2631.0361328125
2024-09-22 00:00:00+00:00,2621.77294921875
2024-09-23 00:00:00+00:00,2627.251953125
2024-09-24 00:00:00+00:00,2652.767578125
2024-09-25 00:00:00+00:00,2652.16943359375
2024-09-26 00:00:00+00:00,2662.09326171875
2024-09-27 00:00:00+00:00,2653.997802734375
2024-09-28 00:00:00+00:00,2659.19189453125
2024-09-29 00:00:00+00:00,2663.71826171875
2024-09-30 00:00:00+00:00,2635.931640625
2024-10-01 00:00:00+00:00,2680.868408203125
2024-10-02 00:00:00+00:00,2670.120361328125
2024-10-03 00:00:00+00:00,2665.703857421875
2024-10-04 00:00:00+00:00,2663.795654296875
2024-10-05 00:00:00+00:00,2685.0888671875
2024-10-06 00:00:00+00:00,2678.7548828125
2024-10-07 00:00:00+00:00,2657.594970703125
2024-10-08 00:00:00+00:00,2632.139892578125
2024-10-09 00:00:00+00:00,2619.890380859375
2024-10-10 00:00:00+00:00,2643.265869140625
2024-10-11 00:00:00+00:00,2668.50439453125
2024-10-12 00:00:00+00:00,2660.60888671875
2024-10-13 00:00:00+00:00,2662.69970703125
2024-10-14 00:00:00+00:00,2660.19677734375
2024-10-16 00:00:00+00:00,2669.520263671875
