rebaseTime,rebase_rate
2024-10-15 02:00:11.000 UTC,4.660327869733263
2024-10-14 02:00:11.000 UTC,3.445255575163701
2024-10-13 02:00:11.000 UTC,3.4452555751636633
2024-10-12 02:00:11.000 UTC,3.474568992271665
2024-10-11 02:00:11.000 UTC,2.0374119588759734
2024-10-10 02:00:11.000 UTC,0.0
2024-10-09 02:00:11.000 UTC,0.0
2024-10-08 02:05:11.000 UTC,2.4127447916927975
2024-10-07 02:00:11.000 UTC,4.007632045501287
2024-10-06 02:00:11.000 UTC,0.0
2024-10-05 02:00:11.000 UTC,3.0898650528357274
2024-10-04 02:00:11.000 UTC,0.0
2024-10-03 02:00:11.000 UTC,-2.839318523747232
2024-10-02 02:00:11.000 UTC,0.0
2024-10-01 02:00:11.000 UTC,-3.829048337536127
2024-09-30 02:00:11.000 UTC,-6.822543848011092
2024-09-29 02:00:11.000 UTC,-7.116875372689319
2024-09-28 02:00:11.000 UTC,-3.5315942688141377
2024-09-27 02:00:11.000 UTC,0.0
2024-09-26 02:00:11.000 UTC,2.5866719392429713
2024-09-25 02:00:11.000 UTC,0.0
2024-09-24 02:00:11.000 UTC,0.0
2024-09-23 02:00:11.000 UTC,0.0
2024-09-22 02:00:11.000 UTC,0.0
2024-09-21 02:00:11.000 UTC,2.8692384244929148
2024-09-20 02:00:11.000 UTC,4.3246343235640365
2024-09-19 02:00:11.000 UTC,0.0
2024-09-18 02:00:11.000 UTC,-3.8870919024263286
2024-09-17 02:00:11.000 UTC,-3.096504900692854
2024-09-16 02:00:11.000 UTC,0.0
2024-09-15 02:00:11.000 UTC,0.0
2024-09-14 02:00:11.000 UTC,0.0
2024-09-13 02:06:47.000 UTC,0.0
2024-09-12 02:00:11.000 UTC,0.0
2024-09-11 02:00:11.000 UTC,0.0
2024-09-10 02:00:11.000 UTC,3.8139755155009154
2024-09-09 02:00:11.000 UTC,0.0
2024-09-08 02:00:11.000 UTC,-7.3752687127104375
2024-09-07 02:00:11.000 UTC,-7.513041374970085
2024-09-06 02:00:11.000 UTC,-7.216225366835261
2024-09-05 02:00:11.000 UTC,-7.5832605369017045
2024-09-04 02:05:11.000 UTC,-1.715728752538093
2024-09-03 02:00:11.000 UTC,-1.9251498403358134
2024-09-02 02:00:11.000 UTC,-1.7157287525381095
2024-09-01 02:00:11.000 UTC,-1.5047455124309268
2024-08-31 02:00:11.000 UTC,-2.132831864253174
2024-08-30 02:00:11.000 UTC,-1.8206457604557198
2024-08-29 02:05:11.000 UTC,-1.6104211189710482
2024-08-28 02:00:11.000 UTC,-1.7157287525380902
2024-08-27 02:00:11.000 UTC,-1.2923826309500939
2024-08-26 02:00:11.000 UTC,-0.7566805830851943
2024-08-25 02:00:11.000 UTC,-0.864272337258903
2024-08-24 02:00:11.000 UTC,-1.7157287525380946
2024-08-16 02:00:11.000 UTC,-1.925149840335807
2024-08-15 02:00:11.000 UTC,-2.029219057922688
2024-08-14 02:00:11.000 UTC,-1.8206457604557262
2024-08-13 02:00:11.000 UTC,-1.7157287525380895
2024-08-12 02:00:11.000 UTC,-1.5047455124309408
2024-08-11 02:00:11.000 UTC,-1.6104211189710473
2024-08-10 02:00:11.000 UTC,-1.5047455124309304
2024-08-09 02:00:11.000 UTC,-1.9251498403358205
2024-08-08 02:00:11.000 UTC,-2.3386040717239447
2024-08-07 02:00:11.000 UTC,-2.0292190579226816
2024-08-06 02:00:11.000 UTC,-3.0414636353696918
2024-08-05 02:00:11.000 UTC,-2.6433244942341294
2024-08-04 02:00:11.000 UTC,-2.3386040717239727
2024-08-03 02:00:11.000 UTC,-2.1328318642531605
2024-08-02 02:00:11.000 UTC,-2.2359671121070086
2024-08-01 02:05:11.000 UTC,-1.8206457604557293
2024-07-31 02:00:11.000 UTC,-1.5047455124309421
2024-07-30 02:00:11.000 UTC,-1.1857422432007356
2024-07-29 02:00:11.000 UTC,-1.1857422432007634
2024-07-28 02:00:11.000 UTC,-0.9716628664997706
2024-07-27 02:00:11.000 UTC,-1.0788276168584972
2024-07-26 02:00:11.000 UTC,-1.185742243200749
2024-07-25 02:00:11.000 UTC,-0.7566805830852008
2024-07-24 02:05:59.000 UTC,-0.6489123445921127
2024-07-23 02:00:11.000 UTC,-0.6489123445920894
2024-07-22 02:00:23.000 UTC,0.0
2024-07-21 02:00:11.000 UTC,0.6489123445920778
2024-07-20 02:00:11.000 UTC,0.9716628664997837
2024-07-19 02:00:11.000 UTC,1.0788276168584967
2024-07-18 02:00:11.000 UTC,1.0788276168585107
2024-07-17 02:00:11.000 UTC,0.8642723372588905
2024-07-16 02:00:11.000 UTC,0.7566805830851956
2024-07-15 02:00:11.000 UTC,0.0
2024-07-14 02:00:11.000 UTC,0.0
2024-07-13 02:00:11.000 UTC,0.0
2024-07-12 02:00:11.000 UTC,0.0
2024-07-11 02:00:11.000 UTC,-0.5409925265396553
2024-07-10 02:00:11.000 UTC,-1.5047455124309268
2024-07-09 02:05:11.000 UTC,-2.2359671121070277
2024-07-08 02:00:11.000 UTC,-1.9251498403358074
2024-07-07 02:00:11.000 UTC,-1.8206457604557242
2024-07-06 02:00:11.000 UTC,-1.925149840335817
2024-07-05 02:00:11.000 UTC,-1.8206457604557216
2024-07-04 02:00:11.000 UTC,-1.0788276168584945
2024-07-03 02:00:11.000 UTC,-1.0788276168584967
2024-07-02 02:00:11.000 UTC,-1.0788276168584907
2024-07-01 02:00:11.000 UTC,-1.61042111897105
2024-06-30 02:00:11.000 UTC,-1.925149840335808
2024-06-29 02:00:11.000 UTC,-1.9251498403358094
2024-06-28 02:00:11.000 UTC,-2.132831864253173
2024-06-27 02:00:23.000 UTC,-2.132831864253178
2024-06-26 02:00:11.000 UTC,-2.029219057922674
2024-06-25 02:00:11.000 UTC,-2.2359671121070104
2024-06-24 02:00:11.000 UTC,-1.7157287525381075
2024-06-23 02:00:11.000 UTC,-1.925149840335809
2024-06-22 02:00:11.000 UTC,-1.5047455124309266
2024-06-21 02:00:11.000 UTC,-1.1857422432007516
2024-06-20 02:00:11.000 UTC,-1.9251498403358156
2024-06-19 02:00:11.000 UTC,-1.3987249173820921
2024-06-18 02:05:23.000 UTC,-0.4329461749938771
2024-06-17 02:00:11.000 UTC,-0.6489123445921146
2024-06-16 02:00:11.000 UTC,-0.8642723372588943
2024-06-15 02:00:11.000 UTC,-1.2923826309500794
2024-06-14 02:00:11.000 UTC,0.0
2024-06-13 02:00:23.000 UTC,0.0
2024-06-12 02:00:11.000 UTC,0.9716628664997694
2024-06-11 02:00:11.000 UTC,1.8206457604557205
2024-06-10 02:05:11.000 UTC,1.8206457604557247
2024-06-09 02:00:11.000 UTC,1.292382630950089
2024-06-08 02:00:11.000 UTC,1.1857422432007438
2024-06-07 02:00:11.000 UTC,1.0788276168585011
2024-06-06 02:00:11.000 UTC,0.6489123445921104
2024-06-05 02:00:11.000 UTC,0.0
2024-06-04 02:00:11.000 UTC,0.5409925265396596
2024-06-03 02:07:23.000 UTC,0.0
2024-06-02 02:00:11.000 UTC,0.0
2024-06-01 02:00:11.000 UTC,0.0
2024-05-31 02:00:11.000 UTC,0.0
2024-05-30 02:00:11.000 UTC,0.0
2024-05-29 02:00:11.000 UTC,0.5409925265396688
2024-05-28 02:00:11.000 UTC,0.9716628664997734
2024-05-27 02:00:11.000 UTC,0.7566805830851991
2024-05-26 02:00:11.000 UTC,0.6489123445921153
2024-05-25 02:00:11.000 UTC,0.6489123445921082
2024-05-24 02:00:11.000 UTC,1.1857422432007425
2024-05-23 02:00:11.000 UTC,1.7157287525380989
2024-05-22 02:00:11.000 UTC,2.0292190579226737
2024-05-21 02:00:11.000 UTC,1.5047455124309468
2024-05-20 02:00:11.000 UTC,0.0
2024-05-19 02:00:11.000 UTC,0.6489123445921069
2024-05-18 02:00:11.000 UTC,0.0
2024-05-17 02:00:11.000 UTC,1.0788276168585003
2024-05-16 02:00:11.000 UTC,1.1857422432007445
2024-05-15 02:00:11.000 UTC,1.9251498403358132
2024-05-14 02:00:11.000 UTC,1.5047455124309268
2024-05-13 02:00:11.000 UTC,1.3987249173821021
2024-05-12 02:00:23.000 UTC,1.292382630950083
2024-05-11 02:00:11.000 UTC,0.756680583085206
2024-05-10 02:08:47.000 UTC,1.5047455124309377
2024-05-09 02:00:11.000 UTC,0.0
2024-05-08 02:00:11.000 UTC,-0.8642723372588993
2024-05-07 02:00:11.000 UTC,-0.8642723372589037
2024-05-06 02:00:11.000 UTC,-0.6489123445921158
2024-05-05 02:00:11.000 UTC,-0.5409925265396573
2024-05-04 02:00:11.000 UTC,-1.0788276168584943
2024-05-03 02:05:23.000 UTC,-1.7157287525380955
2024-05-02 02:00:11.000 UTC,-1.8206457604557211
2024-05-01 02:00:11.000 UTC,-1.8206457604557214
2024-04-30 02:00:11.000 UTC,-1.3987249173820946
2024-04-29 02:00:11.000 UTC,-0.8642723372589041
2024-04-28 02:00:11.000 UTC,-1.0788276168584898
2024-04-27 02:00:11.000 UTC,0.0
2024-04-26 02:00:11.000 UTC,-0.7566805830852118
2024-04-25 02:00:11.000 UTC,-0.7566805830852008
2024-04-24 02:00:11.000 UTC,0.0
2024-04-23 02:00:11.000 UTC,0.0
2024-04-22 02:00:11.000 UTC,0.0
2024-04-21 02:00:11.000 UTC,-0.5409925265396697
2024-04-20 02:00:11.000 UTC,-1.6104211189710418
2024-04-19 02:00:11.000 UTC,-1.8206457604557262
2024-04-18 02:00:11.000 UTC,-1.9251498403358152
2024-04-17 02:00:11.000 UTC,-1.8206457604557167
2024-04-16 02:05:11.000 UTC,-1.5047455124309368
2024-04-15 02:00:11.000 UTC,-1.715728752538102
2024-04-14 02:00:11.000 UTC,-1.5047455124309386
2024-04-13 02:00:11.000 UTC,0.0
2024-04-12 02:00:11.000 UTC,0.7566805830852187
2024-04-11 02:00:35.000 UTC,0.0
2024-04-10 02:00:11.000 UTC,0.0
2024-04-09 02:00:11.000 UTC,1.3987249173820813
2024-04-08 02:00:11.000 UTC,2.235967112107005
2024-04-07 02:00:11.000 UTC,2.4407224457663452
2024-04-06 02:00:11.000 UTC,0.648912344592113
2024-04-05 02:00:11.000 UTC,-0.7566805830852026
2024-04-04 02:05:11.000 UTC,-1.610421118971042
2024-04-03 02:00:11.000 UTC,-1.5047455124309284
2024-04-02 02:00:11.000 UTC,0.0
2024-04-01 02:00:11.000 UTC,-0.8642723372589061
2024-03-31 02:00:11.000 UTC,0.0
2024-03-30 02:00:11.000 UTC,0.0
2024-03-29 02:00:11.000 UTC,0.0
2024-03-28 02:00:11.000 UTC,0.5409925265396658
2024-03-27 02:00:11.000 UTC,1.8206457604557158
2024-03-26 02:00:11.000 UTC,2.4407224457663403
2024-03-25 02:00:11.000 UTC,4.521258359853775
2024-03-24 02:00:11.000 UTC,5.8595673927719165
2024-03-23 02:00:11.000 UTC,5.9302346567253315
2024-03-22 02:00:11.000 UTC,5.930234656725358
2024-03-21 02:00:23.000 UTC,5.3396367378247405
2024-03-20 02:00:11.000 UTC,5.787997504334868
2024-03-19 02:00:11.000 UTC,7.050462122140043
2024-03-18 02:00:11.000 UTC,5.022806564429354
2024-03-17 02:00:11.000 UTC,4.347251581789135
2024-03-16 02:00:23.000 UTC,3.712699539509492
2024-03-15 02:00:11.000 UTC,4.434672826454863
2024-03-14 02:00:11.000 UTC,4.691890468998573
2024-03-13 02:00:11.000 UTC,3.9893907654012652
2024-03-12 02:00:11.000 UTC,3.139422686255614
2024-03-11 02:00:11.000 UTC,3.139422686255636
2024-03-10 02:00:11.000 UTC,4.080062822856447
2024-03-09 02:00:11.000 UTC,4.52125835985377
2024-03-08 02:00:11.000 UTC,4.691890468998584
2024-03-07 02:00:11.000 UTC,2.1328318642531556
2024-03-06 02:00:11.000 UTC,1.1857422432007552
2024-03-05 02:00:11.000 UTC,0.9716628664997783
2024-03-04 02:00:11.000 UTC,1.078827616858492
2024-03-03 02:00:11.000 UTC,1.2923826309500825
2024-03-02 02:00:11.000 UTC,1.6104211189710322
2024-03-01 02:00:11.000 UTC,2.0292190579226816
2024-02-29 02:00:11.000 UTC,1.9251498403358236
2024-02-28 02:00:11.000 UTC,2.0292190579226834
2024-02-27 02:00:11.000 UTC,1.0788276168584838
2024-02-26 02:00:11.000 UTC,0.0
2024-02-25 02:00:11.000 UTC,0.0
2024-02-24 02:00:11.000 UTC,0.0
2024-02-23 02:00:11.000 UTC,0.0
2024-02-22 02:00:11.000 UTC,0.6489123445921242
2024-02-21 02:00:11.000 UTC,0.6489123445920937
2024-02-20 02:00:11.000 UTC,0.864272337258898
2024-02-19 02:00:11.000 UTC,0.9716628664997853
2024-02-18 02:00:11.000 UTC,0.9716628664997813
2024-02-17 02:00:11.000 UTC,1.2923826309500597
2024-02-16 02:00:11.000 UTC,2.5423023835082468
2024-02-15 02:00:11.000 UTC,1.9251498403358014
2024-02-14 02:00:11.000 UTC,1.2923826309500863
2024-02-13 02:00:11.000 UTC,1.078827616858501
2024-02-12 02:00:11.000 UTC,1.3987249173820784
2024-02-11 02:00:11.000 UTC,1.2923826309500874
2024-02-10 02:00:11.000 UTC,1.1857422432007436
2024-02-09 02:00:11.000 UTC,0.0
2024-02-08 02:00:11.000 UTC,0.0
2024-02-07 02:00:11.000 UTC,-0.5409925265396521
2024-02-06 02:00:11.000 UTC,-0.8642723372589155
2024-02-05 02:00:11.000 UTC,-0.7566805830851957
2024-02-04 02:00:11.000 UTC,0.0
2024-02-03 02:00:11.000 UTC,-0.4329461749938909
2024-02-02 02:00:11.000 UTC,-1.0788276168585005
2024-02-01 02:00:11.000 UTC,-1.8206457604557311
2024-01-31 02:00:11.000 UTC,-1.292382630950063
2024-01-30 02:00:11.000 UTC,-1.1857422432007512
2024-01-29 02:00:11.000 UTC,0.0
2024-01-28 02:00:11.000 UTC,0.0
2024-01-27 02:00:11.000 UTC,0.9716628664997694
2024-01-26 02:00:11.000 UTC,1.398724917382082
2024-01-25 02:00:11.000 UTC,0.0
2024-01-24 02:00:11.000 UTC,-2.0292190579226785
2024-01-23 02:00:11.000 UTC,-1.6104211189710498
2024-01-22 02:00:11.000 UTC,-1.0788276168584927
2024-01-21 02:00:11.000 UTC,-1.2923826309500792
2024-01-20 02:00:11.000 UTC,-1.185742243200751
2024-01-19 02:00:11.000 UTC,-0.5409925265396699
2024-01-18 02:00:11.000 UTC,0.0
2024-01-17 02:00:11.000 UTC,0.0
2024-01-16 02:00:11.000 UTC,0.0
2024-01-15 02:00:11.000 UTC,0.0
2024-01-14 02:00:11.000 UTC,-0.5409925265396412
2024-01-13 02:00:11.000 UTC,-1.1857422432007592
2024-01-12 02:00:11.000 UTC,-1.6104211189710593
2024-01-11 02:00:11.000 UTC,-1.8206457604557156
2024-01-10 02:00:11.000 UTC,-1.82064576045572
2024-01-09 02:00:11.000 UTC,-2.0292190579226665
2024-01-08 02:00:11.000 UTC,-1.820645760455735
2024-01-07 02:05:11.000 UTC,-1.820645760455724
2024-01-06 02:00:11.000 UTC,-1.61042111897105
2024-01-05 02:00:11.000 UTC,-1.185742243200748
2024-01-04 02:00:11.000 UTC,-0.7566805830852046
2024-01-03 02:00:59.000 UTC,-0.6489123445921031
2024-01-02 02:00:11.000 UTC,-1.0788276168584936
2024-01-01 02:00:11.000 UTC,-1.1857422432007518
2023-12-31 02:00:11.000 UTC,-1.3987249173820788
2023-12-30 02:00:11.000 UTC,-0.8642723372588961
2023-12-29 02:00:11.000 UTC,0.0
2023-12-28 02:00:11.000 UTC,0.6489123445921055
2023-12-27 02:00:47.000 UTC,0.9716628664997764
2023-12-26 02:00:11.000 UTC,1.5047455124309164
2023-12-25 02:00:11.000 UTC,1.5047455124309386
2023-12-24 02:00:11.000 UTC,1.9251498403358214
2023-12-23 02:05:11.000 UTC,2.643324494234134
2023-12-22 02:00:11.000 UTC,3.429253738438591
2023-12-21 02:00:11.000 UTC,3.333333333333336
2023-12-20 02:05:23.000 UTC,4.080062822856455
2023-12-19 02:00:11.000 UTC,4.347251581789129
2023-12-18 02:00:11.000 UTC,4.521258359853773
2023-12-17 02:00:11.000 UTC,3.139422686255645
2023-12-16 02:00:11.000 UTC,2.643324494234117
2023-12-15 02:05:11.000 UTC,2.1328318642531805
2023-12-14 02:00:11.000 UTC,1.6104211189710298
2023-12-13 02:00:11.000 UTC,2.5423023835082317
2023-12-12 02:00:11.000 UTC,2.440722445766355
2023-12-11 02:00:11.000 UTC,3.805697398183363
2023-12-10 02:00:11.000 UTC,4.259003271859405
2023-12-09 02:00:11.000 UTC,3.80569739818338
2023-12-08 02:00:11.000 UTC,3.618950800016916
2023-12-07 02:00:11.000 UTC,2.743769859833426
2023-12-06 02:00:11.000 UTC,2.338604071723953
2023-12-05 02:00:11.000 UTC,2.440722445766342
2023-12-04 02:00:11.000 UTC,0.7566805830852126
2023-12-03 02:00:11.000 UTC,0.0
2023-12-02 02:00:11.000 UTC,0.0
2023-12-01 02:00:11.000 UTC,0.0
2023-11-30 02:00:11.000 UTC,0.0
2023-11-29 02:00:11.000 UTC,0.0
2023-11-28 02:00:11.000 UTC,0.0
2023-11-27 02:00:11.000 UTC,0.0
2023-11-26 02:00:11.000 UTC,0.0
2023-11-25 02:00:11.000 UTC,0.5409925265396459
2023-11-24 02:00:11.000 UTC,1.0788276168585071
2023-11-23 02:00:11.000 UTC,1.0788276168584936
2023-11-22 02:00:11.000 UTC,2.1328318642531774
2023-11-21 02:00:11.000 UTC,2.7437698598333973
2023-11-20 02:00:11.000 UTC,2.9428571160713286
2023-11-19 02:00:11.000 UTC,2.4407224457663466
2023-11-18 02:00:11.000 UTC,2.3386040717239567
2023-11-17 02:00:11.000 UTC,2.643324494234145
2023-11-16 02:05:35.000 UTC,2.3386040717239394
2023-11-15 02:00:11.000 UTC,3.8979318089518844
2023-11-14 02:00:11.000 UTC,5.182999870367154
2023-11-13 02:00:11.000 UTC,4.859089723622791
2023-11-12 02:00:11.000 UTC,4.169937098685362
2023-11-11 02:00:11.000 UTC,4.080062822856477
2023-11-10 02:00:11.000 UTC,3.712699539509469
2023-11-09 02:00:11.000 UTC,3.236717873675815
2023-11-08 02:00:11.000 UTC,3.0414636353696904
2023-11-07 02:00:23.000 UTC,2.942857116071334
2023-11-06 02:00:11.000 UTC,2.8436200465775716
2023-11-05 02:00:11.000 UTC,2.6433244942341356
2023-11-04 02:00:11.000 UTC,2.2359671121070113
2023-11-03 02:00:11.000 UTC,2.3386040717239527
2023-11-02 02:00:11.000 UTC,1.9251498403358072
2023-11-01 02:05:11.000 UTC,1.398724917382081
2023-10-31 02:00:11.000 UTC,1.1857422432007503
2023-10-30 02:00:11.000 UTC,0.9716628664997806
2023-10-29 02:00:11.000 UTC,0.8642723372588923
2023-10-28 02:00:11.000 UTC,0.864272337258893
2023-10-27 02:00:11.000 UTC,1.504745512430931
2023-10-26 02:00:11.000 UTC,1.2923826309500752
2023-10-25 02:06:59.000 UTC,1.2923826309500925
2023-10-24 02:00:11.000 UTC,0.7566805830852027
2023-10-23 02:00:11.000 UTC,0.43294617499388677
2023-10-22 02:05:11.000 UTC,0.0
2023-10-21 02:00:11.000 UTC,0.0
2023-10-20 02:00:11.000 UTC,0.0
2023-10-19 02:00:11.000 UTC,-0.43294617499388427
2023-10-18 02:00:11.000 UTC,0.0
2023-10-17 02:00:11.000 UTC,0.0
2023-10-16 02:05:11.000 UTC,-0.540992526539667
2023-10-15 02:00:11.000 UTC,-0.7566805830852111
2023-10-14 02:00:11.000 UTC,-0.8642723372588808
2023-10-13 02:00:11.000 UTC,0.0
2023-10-12 02:00:11.000 UTC,0.0
2023-10-11 02:00:11.000 UTC,0.0
2023-10-10 02:00:11.000 UTC,0.0
2023-10-09 02:00:11.000 UTC,0.5409925265396547
2023-10-08 02:00:11.000 UTC,0.5409925265396758
2023-10-07 02:00:11.000 UTC,0.540992526539659
2023-10-06 02:06:35.000 UTC,0.6489123445921064
2023-10-05 02:00:11.000 UTC,0.5409925265396509
2023-10-04 02:00:11.000 UTC,0.6489123445921171
2023-10-03 02:00:11.000 UTC,1.2923826309500797
2023-10-02 02:00:11.000 UTC,0.9716628664997725
2023-10-01 02:00:11.000 UTC,1.1857422432007547
2023-09-30 02:00:11.000 UTC,1.078827616858494
2023-09-29 02:00:11.000 UTC,0.7566805830851981
2023-09-28 02:00:11.000 UTC,0.864272337258908
2023-09-27 02:00:11.000 UTC,1.0788276168584907
2023-09-26 02:00:11.000 UTC,1.3987249173820846
2023-09-25 02:00:11.000 UTC,1.6104211189710331
2023-09-24 02:00:11.000 UTC,1.5047455124309335
2023-09-23 02:00:11.000 UTC,1.820645760455718
2023-09-22 02:00:11.000 UTC,1.9251498403358172
2023-09-21 02:00:11.000 UTC,1.6104211189710396
2023-09-20 02:00:11.000 UTC,0.971662866499781
2023-09-19 02:00:11.000 UTC,0.0
2023-09-18 02:00:11.000 UTC,0.0
2023-09-17 02:00:11.000 UTC,0.0
2023-09-16 02:00:11.000 UTC,0.5409925265396702
2023-09-15 02:00:11.000 UTC,0.7566805830851936
2023-09-14 02:00:11.000 UTC,2.132831864253183
2023-09-13 02:00:23.000 UTC,0.0
2023-09-12 02:00:11.000 UTC,-0.7566805830852229
2023-09-11 02:00:11.000 UTC,-0.6489123445920915
2023-09-10 02:00:11.000 UTC,-0.7566805830852048
2023-09-09 02:00:11.000 UTC,-0.6489123445921191
2023-09-08 02:00:11.000 UTC,-1.292382630950078
2023-09-07 02:00:11.000 UTC,-1.3987249173820822
2023-09-06 02:00:11.000 UTC,-1.3987249173820935
2023-09-05 02:00:11.000 UTC,-1.3987249173820904
2023-09-04 02:00:11.000 UTC,-1.3987249173820677
2023-09-03 02:00:11.000 UTC,-1.3987249173820957
2023-09-02 02:00:11.000 UTC,-1.2923826309500739
2023-09-01 02:00:11.000 UTC,-0.971662866499788
2023-08-31 02:00:11.000 UTC,-0.8642723372589025
2023-08-30 02:00:11.000 UTC,-1.0788276168584914
2023-08-29 02:00:11.000 UTC,-1.1857422432007385
2023-08-28 02:00:11.000 UTC,-1.078827616858508
2023-08-27 02:00:11.000 UTC,-1.0788276168584912
2023-08-26 02:00:11.000 UTC,-1.078827616858493
2023-08-25 02:00:11.000 UTC,-0.9716628664997803
2023-08-24 02:00:11.000 UTC,-1.0788276168584845
2023-08-23 02:00:11.000 UTC,-1.1857422432007447
2023-08-22 02:00:11.000 UTC,-1.2923826309500948
2023-08-21 02:00:11.000 UTC,-1.1857422432007465
2023-08-20 02:00:11.000 UTC,-1.185742243200737
2023-08-19 02:00:11.000 UTC,-1.185742243200756
2023-08-18 02:00:11.000 UTC,-1.078827616858497
2023-08-17 02:00:11.000 UTC,-0.648912344592106
2023-08-16 02:00:11.000 UTC,-0.6489123445921005
2023-08-15 02:00:11.000 UTC,-0.7566805830852078
2023-08-14 02:00:11.000 UTC,-0.7566805830851987
2023-08-13 02:00:11.000 UTC,-0.6489123445921074
2023-08-12 02:00:11.000 UTC,-0.6489123445921143
2023-08-11 02:00:11.000 UTC,-0.7566805830852017
2023-08-10 02:00:11.000 UTC,-0.5409925265396659
2023-08-09 02:00:11.000 UTC,0.0
2023-08-08 02:00:11.000 UTC,-0.6489123445921066
2023-08-07 02:00:11.000 UTC,0.0
2023-08-06 02:00:11.000 UTC,0.0
2023-08-05 02:00:11.000 UTC,0.0
2023-08-04 02:00:11.000 UTC,0.0
2023-08-03 02:00:11.000 UTC,0.0
2023-08-02 02:00:11.000 UTC,0.0
2023-08-01 02:00:11.000 UTC,0.0
2023-07-31 02:00:11.000 UTC,0.0
2023-07-30 02:00:11.000 UTC,0.0
2023-07-29 02:00:11.000 UTC,-0.7566805830852074
2023-07-28 02:05:23.000 UTC,-0.648912344592107
2023-07-27 02:00:11.000 UTC,-0.971662866499768
2023-07-26 02:00:11.000 UTC,-1.0788276168584905
2023-07-25 02:00:11.000 UTC,-0.8642723372589025
2023-07-24 02:00:11.000 UTC,-0.7566805830851957
2023-07-23 02:00:11.000 UTC,-0.7566805830852105
2023-07-22 02:00:11.000 UTC,-0.7566805830852154
2023-07-21 02:00:11.000 UTC,-0.7566805830851991
2023-07-20 02:00:11.000 UTC,-0.9716628664997721
2023-07-19 02:00:11.000 UTC,-0.6489123445921046
2023-07-18 02:00:11.000 UTC,0.0
2023-07-17 02:00:11.000 UTC,0.0
2023-07-16 02:00:11.000 UTC,0.0
2023-07-15 02:00:11.000 UTC,0.0
2023-07-14 02:00:11.000 UTC,0.648912344592105
2023-07-13 02:00:11.000 UTC,0.4329461749938948
2023-07-12 02:00:11.000 UTC,0.5409925265396569
2023-07-11 02:00:11.000 UTC,0.0
2023-07-10 02:00:11.000 UTC,0.0
2023-07-09 02:00:11.000 UTC,0.0
2023-07-08 02:00:11.000 UTC,0.0
2023-07-07 02:00:11.000 UTC,0.864272337258897
2023-07-06 02:00:11.000 UTC,1.1857422432007456
2023-07-05 02:00:11.000 UTC,1.398724917382075
2023-07-04 02:00:11.000 UTC,1.610421118971052
2023-07-03 02:00:11.000 UTC,1.5047455124309372
2023-07-02 02:00:11.000 UTC,1.3987249173820813
2023-07-01 02:00:11.000 UTC,1.398724917382087
2023-06-30 02:00:23.000 UTC,0.9716628664997801
2023-06-29 02:00:11.000 UTC,0.7566805830852062
2023-06-28 02:00:11.000 UTC,0.9716628664997632
2023-06-27 02:00:11.000 UTC,2.3386040717239633
2023-06-26 02:00:11.000 UTC,2.6433244942341387
2023-06-25 02:00:11.000 UTC,0.5409925265396645
2023-06-24 02:00:11.000 UTC,0.0
2023-06-23 02:00:11.000 UTC,0.0
2023-06-22 02:00:11.000 UTC,0.0
2023-06-21 02:00:11.000 UTC,0.0
2023-06-20 02:00:11.000 UTC,-0.4329461749938995
2023-06-19 02:00:11.000 UTC,0.0
2023-06-18 02:00:11.000 UTC,-0.5409925265396663
2023-06-17 02:00:11.000 UTC,-0.8642723372588951
2023-06-16 02:00:11.000 UTC,-0.9716628664997708
2023-06-15 02:00:11.000 UTC,-0.971662866499778
2023-06-14 02:00:11.000 UTC,-1.0788276168584783
2023-06-13 02:00:11.000 UTC,-1.292382630950102
2023-06-12 02:00:11.000 UTC,-1.185742243200739
2023-06-11 02:00:11.000 UTC,-1.1857422432007432
2023-06-10 02:00:11.000 UTC,-0.9716628664997744
2023-06-09 02:00:11.000 UTC,-0.9716628664998016
2023-06-08 02:00:11.000 UTC,-0.8642723372588754
2023-06-07 02:00:11.000 UTC,-0.8642723372589008
2023-06-06 02:00:11.000 UTC,-0.5409925265396709
2023-06-05 02:00:11.000 UTC,0.0
2023-06-04 02:00:11.000 UTC,-0.5409925265396618
2023-06-03 02:00:11.000 UTC,0.0
2023-06-02 02:00:11.000 UTC,0.0
2023-06-01 02:00:11.000 UTC,0.0
2023-05-31 02:00:11.000 UTC,0.0
2023-05-30 02:00:11.000 UTC,0.0
2023-05-29 02:00:11.000 UTC,0.0
2023-05-28 02:00:11.000 UTC,0.0
2023-05-27 02:00:11.000 UTC,0.0
2023-05-26 02:00:11.000 UTC,-0.756680583085214
2023-05-25 02:00:11.000 UTC,-0.8642723372588933
2023-05-24 02:00:11.000 UTC,-0.8642723372588893
2023-05-23 02:00:11.000 UTC,-0.9716628664997802
2023-05-22 02:00:11.000 UTC,-0.9716628664997651
2023-05-21 02:00:11.000 UTC,-0.9716628664997807
2023-05-20 02:00:11.000 UTC,-0.9716628664997862
2023-05-19 02:00:11.000 UTC,-0.9716628664997702
2023-05-18 02:00:11.000 UTC,-0.9716628664997777
2023-05-17 02:00:11.000 UTC,-1.0788276168584978
2023-05-16 02:00:23.000 UTC,-1.078827616858493
2023-05-15 02:00:11.000 UTC,-1.1857422432007587
2023-05-14 02:00:11.000 UTC,-1.1857422432007454
2023-05-13 02:00:11.000 UTC,-1.2923826309500666
2023-05-12 02:00:11.000 UTC,-1.292382630950108
2023-05-11 02:00:11.000 UTC,-1.1857422432007427
2023-05-10 02:00:11.000 UTC,-1.1857422432007338
2023-05-09 02:00:11.000 UTC,-1.2923826309500999
2023-05-08 02:00:11.000 UTC,-1.2923826309500819
2023-05-07 02:00:11.000 UTC,-1.2923826309500948
2023-05-06 02:00:11.000 UTC,-0.8642723372588935
2023-05-05 02:00:11.000 UTC,-1.0788276168584914
2023-05-04 02:00:11.000 UTC,-1.0788276168584912
2023-05-03 02:00:11.000 UTC,-1.0788276168585016
2023-05-02 02:00:11.000 UTC,-1.1857422432007494
2023-05-01 02:00:11.000 UTC,-0.9716628664997785
2023-04-30 02:00:11.000 UTC,-0.5409925265396491
2023-04-29 02:00:11.000 UTC,0.0
2023-04-28 02:00:11.000 UTC,0.0
2023-04-27 02:00:11.000 UTC,0.0
2023-04-26 02:00:23.000 UTC,-0.5409925265396772
2023-04-25 02:00:11.000 UTC,-0.5409925265396631
2023-04-24 02:00:11.000 UTC,-0.5409925265396633
2023-04-23 02:00:11.000 UTC,-0.8642723372588891
2023-04-22 02:00:11.000 UTC,-1.0788276168584972
2023-04-21 02:00:11.000 UTC,-0.9716628664997844
2023-04-20 02:00:11.000 UTC,-0.7566805830852107
2023-04-19 02:00:11.000 UTC,0.0
2023-04-18 02:00:11.000 UTC,0.0
2023-04-17 02:00:11.000 UTC,0.0
2023-04-16 02:00:11.000 UTC,0.0
2023-04-15 02:00:11.000 UTC,0.0
2023-04-14 02:00:23.000 UTC,0.0
2023-04-13 02:00:11.000 UTC,0.0
2023-04-12 02:00:11.000 UTC,0.0
2023-04-11 02:00:11.000 UTC,-0.540992526539654
2023-04-10 02:00:11.000 UTC,-0.6489123445921045
2023-04-09 02:00:11.000 UTC,-0.7566805830852179
2023-04-08 02:00:11.000 UTC,-0.6489123445920848
2023-04-07 02:00:11.000 UTC,-0.5409925265396788
2023-04-06 02:00:23.000 UTC,0.0
2023-04-05 02:00:11.000 UTC,-0.6489123445921112
2023-04-04 02:00:23.000 UTC,-0.8642723372588853
2023-04-03 02:00:11.000 UTC,-0.8642723372588952
2023-04-02 02:00:11.000 UTC,-0.7566805830852198
2023-04-01 02:00:11.000 UTC,0.0
2023-03-31 02:00:11.000 UTC,0.0
2023-03-30 02:00:11.000 UTC,0.0
2023-03-29 02:00:11.000 UTC,0.0
2023-03-28 02:00:11.000 UTC,0.0
2023-03-27 02:00:11.000 UTC,0.0
2023-03-26 02:00:11.000 UTC,0.0
2023-03-25 02:00:11.000 UTC,0.0
2023-03-24 02:00:11.000 UTC,0.0
2023-03-23 02:00:11.000 UTC,0.0
2023-03-22 02:00:11.000 UTC,0.0
2023-03-21 02:05:11.000 UTC,0.0
2023-03-20 02:00:11.000 UTC,0.0
2023-03-19 02:00:23.000 UTC,0.0
2023-03-18 02:00:11.000 UTC,0.0
2023-03-17 02:00:11.000 UTC,0.0
2023-03-16 02:00:23.000 UTC,0.9716628664997781
2023-03-15 02:00:23.000 UTC,1.2923826309500885
2023-03-14 02:00:11.000 UTC,2.2359671121070197
2023-03-13 02:00:11.000 UTC,0.9716628664997807
2023-03-12 02:00:11.000 UTC,0.0
2023-03-11 02:00:11.000 UTC,-1.1857422432007552
2023-03-10 02:00:11.000 UTC,-0.7566805830852137
2023-03-09 02:00:11.000 UTC,0.0
2023-03-08 02:00:11.000 UTC,0.0
2023-03-07 02:00:23.000 UTC,0.0
2023-03-06 02:00:11.000 UTC,0.0
2023-03-05 02:00:11.000 UTC,-0.8642723372588922
2023-03-04 02:00:11.000 UTC,-1.0788276168584996
2023-03-03 02:00:11.000 UTC,-0.9716628664997693
2023-03-02 02:01:35.000 UTC,-0.971662866499773
2023-03-01 02:00:11.000 UTC,-1.0788276168585045
2023-02-28 02:00:11.000 UTC,-1.1857422432007463
2023-02-27 02:00:23.000 UTC,-1.0788276168585011
2023-02-26 02:00:11.000 UTC,-1.0788276168584983
2023-02-25 02:00:11.000 UTC,-0.971662866499775
2023-02-24 02:00:11.000 UTC,-0.9716628664997728
2023-02-23 02:00:11.000 UTC,-0.7566805830851979
2023-02-22 02:00:11.000 UTC,-0.6489123445921118
2023-02-21 02:00:11.000 UTC,-0.6489123445921101
2023-02-20 02:00:11.000 UTC,-0.6489123445920958
2023-02-19 02:00:11.000 UTC,-0.7566805830852132
2023-02-18 02:00:11.000 UTC,-0.648912344592105
2023-02-17 02:00:11.000 UTC,0.0
2023-02-16 02:00:11.000 UTC,-0.5409925265396737
2023-02-15 02:00:11.000 UTC,-0.7566805830852057
2023-02-14 02:00:11.000 UTC,-0.9716628664997734
2023-02-13 02:00:11.000 UTC,-0.8642723372588962
2023-02-12 02:00:11.000 UTC,-1.0788276168584918
2023-02-11 02:00:11.000 UTC,-0.9716628664997757
2023-02-10 02:00:11.000 UTC,-0.6489123445921173
2023-02-09 02:00:11.000 UTC,0.0
2023-02-08 02:00:11.000 UTC,0.0
2023-02-07 02:00:11.000 UTC,0.0
2023-02-06 02:00:11.000 UTC,0.0
2023-02-05 02:00:11.000 UTC,0.0
2023-02-04 02:00:11.000 UTC,-0.6489123445921029
2023-02-03 02:00:11.000 UTC,-0.6489123445921096
2023-02-02 02:00:11.000 UTC,-1.0788276168584818
2023-02-01 02:00:11.000 UTC,-1.1857422432007554
2023-01-31 02:00:11.000 UTC,-1.1857422432007503
2023-01-30 02:00:11.000 UTC,-0.7566805830852045
2023-01-29 02:00:11.000 UTC,-0.8642723372589088
2023-01-28 02:00:11.000 UTC,-0.9716628664997661
2023-01-27 02:00:11.000 UTC,-1.2923826309500912
2023-01-26 02:00:11.000 UTC,-1.3987249173820844
2023-01-25 02:00:11.000 UTC,-0.9716628664997754
2023-01-24 02:00:11.000 UTC,-0.5409925265396677
2023-01-23 02:00:11.000 UTC,0.0
2023-01-22 02:00:11.000 UTC,0.0
2023-01-21 02:00:11.000 UTC,-0.648912344592099
2023-01-20 02:00:11.000 UTC,0.0
2023-01-19 02:00:11.000 UTC,1.0788276168584874
2023-01-18 02:00:11.000 UTC,1.0788276168584956
2023-01-17 02:00:11.000 UTC,1.0788276168585014
2023-01-16 02:00:11.000 UTC,0.8642723372589041
2023-01-15 02:00:11.000 UTC,0.5409925265396585
2023-01-14 02:00:11.000 UTC,0.8642723372588977
2023-01-13 02:00:11.000 UTC,1.7157287525380964
2023-01-12 02:00:11.000 UTC,2.029219057922676
2023-01-11 02:00:11.000 UTC,3.236717873675845
2023-01-10 02:00:11.000 UTC,3.989390765401237
2023-01-09 02:00:11.000 UTC,3.712699539509487
2023-01-08 02:00:11.000 UTC,3.524464305622555
2023-01-07 02:00:11.000 UTC,2.235967112107022
2023-01-06 02:00:11.000 UTC,2.02921905792266
2023-01-05 02:00:11.000 UTC,1.5047455124309481
2023-01-04 02:00:11.000 UTC,2.0292190579226683
2023-01-03 02:00:11.000 UTC,2.4407224457663426
2023-01-02 02:00:11.000 UTC,1.8206457604557336
2023-01-01 02:00:11.000 UTC,1.292382630950081
2022-12-31 02:00:11.000 UTC,1.1857422432007472
2022-12-30 02:00:11.000 UTC,0.9716628664997775
2022-12-29 02:00:11.000 UTC,2.2359671121070073
2022-12-28 02:00:11.000 UTC,2.5423023835082135
2022-12-27 02:00:11.000 UTC,1.6104211189710496
2022-12-26 02:00:11.000 UTC,0.8642723372588973
2022-12-25 02:00:11.000 UTC,0.0
2022-12-24 02:00:11.000 UTC,0.0
2022-12-23 02:00:11.000 UTC,0.0
2022-12-22 02:00:11.000 UTC,-0.5409925265396685
2022-12-21 02:00:11.000 UTC,-0.5409925265396481
2022-12-20 02:00:11.000 UTC,0.0
2022-12-19 02:00:11.000 UTC,0.0
2022-12-18 02:00:11.000 UTC,-0.5409925265396776
2022-12-17 02:00:11.000 UTC,0.0
2022-12-16 02:00:11.000 UTC,0.8642723372589007
2022-12-15 02:00:11.000 UTC,1.1857422432007412
2022-12-14 02:00:11.000 UTC,1.0788276168584938
2022-12-13 02:00:11.000 UTC,3.0414636353696904
2022-12-12 02:00:11.000 UTC,3.52446430562254
2022-12-11 02:00:11.000 UTC,4.6918904689985785
2022-12-10 02:00:11.000 UTC,5.182999870367147
2022-12-09 02:00:11.000 UTC,3.989390765401245
2022-12-08 02:00:11.000 UTC,0.6489123445921015
2022-12-07 02:00:11.000 UTC,0.0
2022-12-06 02:00:11.000 UTC,0.0
2022-12-05 02:00:11.000 UTC,0.0
2022-12-04 02:00:11.000 UTC,0.0
2022-12-03 02:00:11.000 UTC,0.0
2022-12-02 02:00:11.000 UTC,0.0
2022-12-01 02:00:11.000 UTC,-0.6489123445920831
2022-11-30 02:00:11.000 UTC,-0.9716628664997865
2022-11-29 02:00:11.000 UTC,-1.0788276168584987
2022-11-28 02:00:11.000 UTC,-0.9716628664997704
2022-11-27 02:00:11.000 UTC,-0.8642723372588988
2022-11-26 02:00:11.000 UTC,-0.8642723372588953
2022-11-25 02:00:11.000 UTC,-0.7566805830852166
2022-11-24 02:00:11.000 UTC,-0.9716628664997733
2022-11-23 02:00:11.000 UTC,-1.2923826309500812
2022-11-22 02:00:11.000 UTC,-1.1857422432007376
2022-11-21 02:00:23.000 UTC,-0.9716628664997938
2022-11-20 02:00:11.000 UTC,-0.7566805830851945
2022-11-19 02:00:11.000 UTC,-0.5409925265396734
2022-11-18 02:00:11.000 UTC,-0.6489123445920968
2022-11-17 02:00:11.000 UTC,-0.8642723372588921
2022-11-16 02:00:11.000 UTC,0.0
2022-11-15 02:00:11.000 UTC,0.5409925265396459
2022-11-14 02:00:11.000 UTC,-1.3987249173820828
2022-11-13 02:00:11.000 UTC,-1.6104211189710271
2022-11-12 02:00:11.000 UTC,-1.3987249173820833
2022-11-11 02:00:11.000 UTC,-1.8206457604557362
2022-11-10 02:00:11.000 UTC,-2.029219057922672
2022-11-09 02:00:11.000 UTC,-0.9716628664997656
2022-11-08 02:00:11.000 UTC,0.0
2022-11-07 02:00:11.000 UTC,0.0
2022-11-06 02:00:11.000 UTC,0.0
2022-11-05 02:00:11.000 UTC,0.0
2022-11-04 02:00:11.000 UTC,0.0
2022-11-03 02:00:11.000 UTC,0.0
2022-11-02 02:00:11.000 UTC,0.0
2022-11-01 02:00:11.000 UTC,0.0
2022-10-31 02:00:11.000 UTC,0.0
2022-10-30 02:00:11.000 UTC,0.0
2022-10-29 02:00:11.000 UTC,0.0
2022-10-28 02:00:11.000 UTC,0.0
2022-10-27 02:00:11.000 UTC,0.0
2022-10-26 02:00:11.000 UTC,0.0
2022-10-25 02:00:11.000 UTC,0.0
2022-10-24 02:00:11.000 UTC,-0.5409925265396759
2022-10-23 02:00:11.000 UTC,-0.6489123445921012
2022-10-22 02:00:11.000 UTC,-0.9716628664997834
2022-10-21 02:00:11.000 UTC,-0.8642723372588953
2022-10-20 02:00:11.000 UTC,-0.7566805830852149
2022-10-19 02:00:11.000 UTC,-0.5409925265396504
2022-10-18 02:00:23.000 UTC,-0.6489123445921237
2022-10-17 02:00:23.000 UTC,-0.7566805830851944
2022-10-16 02:00:11.000 UTC,-0.7566805830851997
2022-10-15 02:00:11.000 UTC,0.0
2022-10-14 02:00:11.000 UTC,-0.6489123445921269
2022-10-13 02:00:11.000 UTC,0.0
2022-10-12 02:00:11.000 UTC,0.0
2022-10-11 02:00:11.000 UTC,0.0
2022-10-10 02:00:23.000 UTC,0.0
2022-10-09 02:00:11.000 UTC,0.0
2022-10-08 02:00:11.000 UTC,0.0
2022-10-07 02:00:47.000 UTC,0.0
2022-10-06 02:00:11.000 UTC,0.0
2022-10-05 02:00:11.000 UTC,0.0
2022-10-04 02:00:11.000 UTC,0.0
2022-10-03 02:00:11.000 UTC,0.0
2022-10-02 02:00:11.000 UTC,0.0
2022-10-01 02:00:11.000 UTC,0.0
2022-09-30 02:00:11.000 UTC,0.0
2022-09-29 02:00:11.000 UTC,0.0
2022-09-28 02:00:11.000 UTC,0.0
2022-09-27 02:00:11.000 UTC,0.0
2022-09-26 02:00:11.000 UTC,0.0
2022-09-25 02:00:35.000 UTC,0.0
2022-09-24 02:00:11.000 UTC,-0.8642723372588743
2022-09-23 02:00:23.000 UTC,-1.2923826309500996
2022-09-22 02:00:11.000 UTC,-1.6104211189710427
2022-09-21 02:00:11.000 UTC,-1.292382630950078
2022-09-20 02:00:11.000 UTC,-1.3987249173820961
2022-09-19 02:00:11.000 UTC,-1.2923826309500828
2022-09-18 02:00:11.000 UTC,-1.2923826309500919
2022-09-17 02:00:23.000 UTC,-1.1857422432007358
2022-09-16 02:00:23.000 UTC,-0.971662866499784
2022-09-15 02:00:34.000 UTC,0.0
2022-09-14 02:05:00.000 UTC,0.0
2022-09-13 02:00:43.000 UTC,1.1857422432007578
2022-09-12 02:05:03.000 UTC,1.1857422432007396
2022-09-11 02:05:01.000 UTC,0.0
2022-09-10 02:05:12.000 UTC,-0.756680583085206
2022-09-09 02:05:13.000 UTC,-1.3987249173820933
2022-09-08 02:05:04.000 UTC,-1.7157287525380915
2022-09-07 02:00:01.000 UTC,-1.398724917382083
2022-09-06 02:00:02.000 UTC,-1.2923826309500752
2022-09-05 02:09:37.000 UTC,-1.7157287525381038
2022-09-04 02:00:01.000 UTC,-2.0292190579226905
2022-09-03 02:04:03.000 UTC,-1.7157287525380882
2022-09-02 02:00:34.000 UTC,-1.8206457604557222
2022-09-01 02:04:44.000 UTC,-1.8206457604557351
2022-08-31 02:04:35.000 UTC,-1.8206457604557142
2022-08-30 02:04:32.000 UTC,-2.0292190579226754
2022-08-29 02:00:01.000 UTC,-2.029219057922675
2022-08-28 02:04:48.000 UTC,-2.0292190579226808
2022-08-27 02:00:25.000 UTC,-1.0788276168584945
2022-08-26 02:00:05.000 UTC,-0.5409925265396723
2022-08-25 02:05:21.000 UTC,0.0
2022-08-24 02:05:31.000 UTC,-0.648912344592107
2022-08-23 02:00:01.000 UTC,-0.8642723372588984
2022-08-22 02:04:28.000 UTC,-0.9716628664997815
2022-08-21 02:00:01.000 UTC,-0.8642723372588963
2022-08-20 02:05:00.000 UTC,0.0
2022-08-19 02:01:04.000 UTC,2.3386040717239625
2022-08-18 02:00:02.000 UTC,2.2359671121070144
2022-08-17 02:02:00.000 UTC,2.84362004657755
2022-08-16 02:05:03.000 UTC,3.3333333333333437
2022-08-15 02:00:01.000 UTC,5.0228065644293665
2022-08-14 02:00:01.000 UTC,6.0688645262780385
2022-08-13 02:04:43.000 UTC,4.434672826454882
2022-08-12 02:04:54.000 UTC,3.897931808951865
2022-08-11 02:00:01.000 UTC,3.041463635369688
2022-08-10 02:05:19.000 UTC,3.1394226862556174
2022-08-09 02:05:03.000 UTC,3.8979318089518666
2022-08-08 02:06:26.000 UTC,2.8436200465775494
2022-08-07 02:04:47.000 UTC,2.132831864253182
2022-08-06 02:05:06.000 UTC,1.2923826309500832
2022-08-05 02:00:01.000 UTC,0.864272337258903
2022-08-04 02:04:57.000 UTC,1.1857422432007338
2022-08-03 02:00:03.000 UTC,0.9716628664997916
2022-08-02 02:05:14.000 UTC,1.2923826309500945
2022-08-01 02:00:43.000 UTC,2.7437698598334026
2022-07-31 02:00:30.000 UTC,4.521258359853763
2022-07-30 02:00:42.000 UTC,0.0
2022-07-29 02:08:52.000 UTC,0.0
2022-07-28 02:00:03.000 UTC,0.0
2022-07-27 02:10:12.000 UTC,-0.5409925265396628
2022-07-26 02:05:27.000 UTC,0.0
2022-07-25 02:03:40.000 UTC,0.8642723372589057
2022-07-24 02:04:59.000 UTC,0.0
2022-07-23 02:05:00.000 UTC,0.0
2022-07-22 02:05:49.000 UTC,0.0
2022-07-21 02:05:01.000 UTC,0.4329461749938682
2022-07-20 02:05:09.000 UTC,0.0
2022-07-19 02:10:22.000 UTC,0.0
2022-07-18 02:05:10.000 UTC,0.0
2022-07-17 02:04:59.000 UTC,0.0
2022-07-16 02:01:01.000 UTC,0.0
2022-07-15 02:00:04.000 UTC,0.0
2022-07-14 02:00:09.000 UTC,-0.8642723372588867
2022-07-13 02:07:46.000 UTC,-1.078827616858492
2022-07-12 02:00:01.000 UTC,-0.6489123445921131
2022-07-11 02:00:14.000 UTC,0.0
2022-07-10 02:05:03.000 UTC,0.0
2022-07-09 02:04:42.000 UTC,0.7566805830852287
2022-07-08 02:06:30.000 UTC,0.0
2022-07-07 02:05:29.000 UTC,0.0
2022-07-06 02:00:04.000 UTC,0.0
2022-07-05 02:00:28.000 UTC,-0.8642723372589214
2022-07-04 02:00:03.000 UTC,-1.1857422432007347
2022-07-03 02:00:01.000 UTC,-1.2923826309500768
2022-07-02 02:05:05.000 UTC,-1.5047455124309583
2022-07-01 02:05:01.000 UTC,-1.7157287525380813
2022-06-30 02:05:24.000 UTC,-1.0788276168585103
2022-06-29 02:04:34.000 UTC,-1.2923826309500561
2022-06-28 02:00:04.000 UTC,-2.132831864253172
2022-06-27 02:00:44.000 UTC,-2.0292190579226994
2022-06-26 02:04:35.000 UTC,-2.029219057922678
2022-06-25 02:00:01.000 UTC,-2.23596711210701
2022-06-24 02:04:49.000 UTC,-2.6433244942341436
2022-06-23 02:00:02.000 UTC,-2.7437698598333973
2022-06-22 02:00:01.000 UTC,-2.7437698598334213
2022-06-21 02:03:43.000 UTC,-2.4407224457663586
2022-06-20 02:00:08.000 UTC,-2.8436200465775485
2022-06-19 02:05:04.000 UTC,-3.1394226862556436
2022-06-18 02:05:11.000 UTC,-2.843620046577554
2022-06-17 02:00:45.000 UTC,-2.7437698598334084
2022-06-16 02:00:13.000 UTC,-2.440722445766334
2022-06-15 02:05:51.000 UTC,-2.4407224457663537
2022-06-14 02:10:14.000 UTC,-2.4407224457663523
2022-06-13 02:06:24.000 UTC,-1.29238263095008
2022-06-12 02:07:40.000 UTC,-0.8642723372588993
2022-06-11 02:00:05.000 UTC,-0.6489123445920961
2022-06-10 02:07:20.000 UTC,0.0
2022-06-09 02:05:05.000 UTC,0.0
2022-06-08 02:05:01.000 UTC,-0.8642723372589075
2022-06-07 02:00:03.000 UTC,-0.5409925265396617
2022-06-06 02:00:06.000 UTC,-0.6489123445921058
2022-06-05 02:06:34.000 UTC,-1.1857422432007456
2022-06-04 02:00:01.000 UTC,-1.1857422432007427
2022-06-03 02:04:57.000 UTC,-1.1857422432007565
2022-06-02 02:04:54.000 UTC,-1.1857422432007496
2022-06-01 02:04:56.000 UTC,-1.3987249173820873
2022-05-31 02:00:13.000 UTC,-1.6104211189710465
2022-05-30 02:00:01.000 UTC,-1.7157287525380946
2022-05-29 02:05:00.000 UTC,-1.9251498403358147
2022-05-28 02:07:02.000 UTC,-1.7157287525380935
2022-05-27 02:04:54.000 UTC,-1.7157287525380895
2022-05-26 02:06:11.000 UTC,-1.7157287525381022
2022-05-25 02:10:13.000 UTC,-1.8206457604557136
2022-05-24 02:05:09.000 UTC,-1.7157287525381062
2022-05-23 02:00:22.000 UTC,-1.7157287525380933
2022-05-22 02:00:01.000 UTC,-1.8206457604557194
2022-05-21 02:08:59.000 UTC,-1.7157287525381233
2022-05-20 02:07:44.000 UTC,-1.8206457604557105
2022-05-19 02:05:00.000 UTC,-1.7157287525380984
2022-05-18 02:00:09.000 UTC,-1.7157287525381084
2022-05-17 02:10:02.000 UTC,-1.6104211189710362
2022-05-16 02:00:02.000 UTC,-1.6104211189710407
2022-05-15 02:00:02.000 UTC,-1.9251498403358078
2022-05-14 02:00:01.000 UTC,-1.7157287525381009
2022-05-13 02:05:04.000 UTC,-2.0292190579226688
2022-05-12 02:05:04.000 UTC,0.0
2022-05-11 02:00:02.000 UTC,0.0
2022-05-10 02:00:11.000 UTC,-0.5409925265396764
2022-05-09 02:04:56.000 UTC,0.0
2022-05-08 02:00:02.000 UTC,0.0
2022-05-07 02:11:00.000 UTC,0.0
2022-05-06 02:00:12.000 UTC,0.0
2022-05-05 02:08:11.000 UTC,0.0
2022-05-04 02:00:01.000 UTC,0.0
2022-05-03 02:01:21.000 UTC,-0.5409925265396729
2022-05-02 02:02:56.000 UTC,-0.5409925265396641
2022-04-30 02:00:50.000 UTC,0.7566805830851963
2022-04-29 02:03:05.000 UTC,0.9716628664997977
2022-04-28 02:00:05.000 UTC,0.6489123445921026
2022-04-27 02:08:23.000 UTC,0.6489123445921057
2022-04-26 02:10:09.000 UTC,0.6489123445921128
2022-04-25 02:09:16.000 UTC,1.0788276168584785
2022-04-24 02:00:15.000 UTC,0.7566805830852129
2022-04-23 02:00:23.000 UTC,0.7566805830851965
2022-04-22 02:04:49.000 UTC,0.6489123445921392
2022-04-21 02:05:02.000 UTC,0.0
2022-04-20 02:00:10.000 UTC,0.0
2022-04-19 02:09:44.000 UTC,0.0
2022-04-18 02:00:04.000 UTC,0.0
2022-04-17 02:00:02.000 UTC,0.0
2022-04-16 02:19:04.000 UTC,0.0
2022-04-15 02:00:05.000 UTC,0.0
2022-04-14 02:05:29.000 UTC,0.0
2022-04-13 02:07:24.000 UTC,0.0
2022-04-12 02:00:53.000 UTC,0.0
2022-04-11 02:06:33.000 UTC,0.0
2022-04-10 02:05:58.000 UTC,-0.5409925265396901
2022-04-09 02:04:43.000 UTC,-0.5409925265396737
2022-04-08 02:00:03.000 UTC,-0.8642723372588694
2022-04-07 02:05:27.000 UTC,0.0
2022-04-06 02:05:42.000 UTC,0.0
2022-04-05 02:04:30.000 UTC,0.0
2022-04-04 02:09:57.000 UTC,0.0
2022-04-03 02:01:03.000 UTC,0.0
2022-04-02 02:04:31.000 UTC,0.0
2022-04-01 02:01:39.000 UTC,0.0
2022-03-31 02:00:57.000 UTC,0.0
2022-03-30 02:04:42.000 UTC,0.43294617499386395
2022-03-29 02:10:10.000 UTC,0.0
2022-03-28 02:05:04.000 UTC,0.0
2022-03-27 02:05:05.000 UTC,0.0
2022-03-26 02:05:00.000 UTC,0.0
2022-03-25 02:00:01.000 UTC,0.0
2022-03-24 02:01:23.000 UTC,0.0
2022-03-23 02:05:05.000 UTC,0.0
2022-03-22 02:00:46.000 UTC,0.0
2022-03-21 02:04:58.000 UTC,0.0
2022-03-20 02:05:03.000 UTC,0.0
2022-03-19 02:00:20.000 UTC,0.0
2022-03-18 02:07:12.000 UTC,0.0
2022-03-17 02:00:05.000 UTC,0.0
2022-03-16 02:06:35.000 UTC,-1.3284242164011015
2022-03-15 02:04:35.000 UTC,-1.2926140474117236
2022-03-14 02:05:13.000 UTC,-1.3519358063250912
2022-03-13 02:00:14.000 UTC,-1.315096987089955
2022-03-12 02:00:19.000 UTC,-1.4628702710328456
2022-03-11 02:04:51.000 UTC,-1.1786502114562798
2022-03-10 02:04:36.000 UTC,-1.23339394020323
2022-03-09 02:05:50.000 UTC,-1.5367688992738964
2022-03-08 02:00:04.000 UTC,-1.568517355511269
2022-03-07 02:05:03.000 UTC,-1.4106285354861416
2022-03-06 02:10:07.000 UTC,-1.5845119612913214
2022-03-05 02:05:02.000 UTC,-1.3747024083956356
2022-03-04 02:04:23.000 UTC,-0.7638704511315928
2022-03-03 02:00:04.000 UTC,0.0
2022-03-02 02:00:01.000 UTC,0.0
2022-03-01 02:05:01.000 UTC,-0.9179710079811796
2022-02-28 02:04:39.000 UTC,-1.2676274638210199
2022-02-27 02:00:30.000 UTC,-1.166975183689291
2022-02-26 02:01:40.000 UTC,-1.2548223526835371
2022-02-25 02:04:24.000 UTC,-1.8965995876891977
2022-02-24 02:05:55.000 UTC,-1.0383630705888014
2022-02-23 02:00:52.000 UTC,-1.5325925543368542
2022-02-22 02:01:00.000 UTC,-1.443676832606308
2022-02-21 02:01:01.000 UTC,-1.282675156057285
2022-02-20 02:08:53.000 UTC,-1.0742365369305635
2022-02-19 02:05:12.000 UTC,-1.0425817047685462
2022-02-18 02:00:49.000 UTC,-0.7522359916984638
2022-02-17 02:03:58.000 UTC,-0.6072766471953427
2022-02-16 02:00:26.000 UTC,-0.9068095548062212
2022-02-15 02:05:15.000 UTC,-1.4801458653277806
2022-02-14 02:04:59.000 UTC,-1.3307716675505152
2022-02-13 02:00:02.000 UTC,-1.4404269424020444
2022-02-12 02:02:07.000 UTC,-0.8586876897997114
2022-02-11 02:01:44.000 UTC,0.0
2022-02-10 02:10:03.000 UTC,0.0
2022-02-09 02:00:29.000 UTC,0.0
2022-02-08 02:04:57.000 UTC,0.0
2022-02-07 02:00:43.000 UTC,0.0
2022-02-06 02:04:59.000 UTC,1.0885329052292407
2022-02-05 02:10:41.000 UTC,0.0
2022-02-04 02:06:12.000 UTC,-1.0147780978803749
2022-02-03 02:04:57.000 UTC,-0.863380228674306
2022-02-02 02:04:47.000 UTC,-1.1037929740544683
2022-02-01 02:08:46.000 UTC,-1.3339174648896324
2022-01-31 02:00:02.000 UTC,-1.2916171083086565
2022-01-30 02:05:01.000 UTC,-1.5080926712185934
2022-01-29 02:04:51.000 UTC,-1.8253367663303366
2022-01-28 02:05:58.000 UTC,-1.8178202732619653
2022-01-27 02:02:22.000 UTC,-1.760584804844543
2022-01-26 02:05:01.000 UTC,-2.1418957256638236
2022-01-25 02:00:06.000 UTC,-2.240019748977592
2022-01-24 02:04:58.000 UTC,-1.9037077665430593
2022-01-23 02:04:50.000 UTC,-2.4180959682343874
2022-01-22 02:00:55.000 UTC,-1.2013598071707103
2022-01-21 02:01:03.000 UTC,0.0
2022-01-20 02:04:58.000 UTC,0.0
2022-01-19 02:05:00.000 UTC,0.9009138759142749
2022-01-18 02:02:44.000 UTC,1.0351049583089638
2022-01-17 02:03:01.000 UTC,-0.6688961048911206
2022-01-16 02:10:53.000 UTC,-1.1390257491069191
2022-01-15 02:04:56.000 UTC,-1.2819995785306644
2022-01-14 02:04:55.000 UTC,-1.1773640500715497
2022-01-13 02:05:04.000 UTC,-1.8701747096821653
2022-01-12 02:01:35.000 UTC,-2.8645049861405383
2022-01-11 02:04:43.000 UTC,-3.4535733045651567
2022-01-10 02:01:44.000 UTC,-3.1756007526561056
2022-01-09 02:00:04.000 UTC,-3.0490028972782044
2022-01-08 02:05:01.000 UTC,-2.8619456633537923
2022-01-07 02:04:58.000 UTC,-2.9781079762006506
2022-01-06 02:06:16.000 UTC,-2.4873063089680945
2022-01-05 02:00:48.000 UTC,-2.0246467172786247
2022-01-04 02:01:47.000 UTC,-1.977287741097134
2022-01-03 02:04:55.000 UTC,-1.6308466774754073
2022-01-02 02:05:00.000 UTC,-1.6243328841081253
2022-01-01 02:05:04.000 UTC,-1.5502183010831079
2021-12-31 02:05:31.000 UTC,-1.7032356876956711
2021-12-30 02:06:46.000 UTC,-1.5497466180609314
2021-12-29 02:05:17.000 UTC,-1.4685906863734288
2021-12-28 02:00:35.000 UTC,-1.154706267110198
2021-12-27 02:04:55.000 UTC,-1.2108110685799314
2021-12-26 02:05:02.000 UTC,-1.1260289697528632
2021-12-25 02:04:47.000 UTC,-1.0999146677807823
2021-12-24 02:01:48.000 UTC,-0.9414147031710511
2021-12-23 02:02:37.000 UTC,-0.7714926045664883
2021-12-22 02:05:15.000 UTC,-1.2179327402472708
2021-12-21 02:00:49.000 UTC,-1.5999436083990013
2021-12-20 02:00:01.000 UTC,-1.5174449806087447
2021-12-19 02:04:03.000 UTC,-1.5021888973914708
2021-12-18 02:02:24.000 UTC,-1.5593004403368216
2021-12-17 02:00:02.000 UTC,-1.2172919973506786
2021-12-16 02:00:47.000 UTC,-1.3387464757322323
2021-12-15 02:07:54.000 UTC,-1.8383041253374621
2021-12-14 02:04:53.000 UTC,-1.653624089122943
2021-12-13 02:04:38.000 UTC,-1.3075657595530141
2021-12-12 02:04:50.000 UTC,-1.7947461190066674
2021-12-11 02:04:57.000 UTC,-1.5313595469540553
2021-12-10 02:00:07.000 UTC,-1.1210196665680168
2021-12-09 02:05:10.000 UTC,-1.3154057552349818
2021-12-08 02:01:13.000 UTC,-1.8687382867808204
2021-12-07 02:05:07.000 UTC,-1.7940736951382705
2021-12-06 02:06:10.000 UTC,-1.0542902160353687
2021-12-05 02:04:54.000 UTC,-1.319853202911254
2021-12-04 02:05:16.000 UTC,1.2436620699401544
2021-12-03 02:06:32.000 UTC,1.7766659772408187
2021-12-02 02:00:04.000 UTC,2.3901547416234967
2021-12-01 02:04:27.000 UTC,1.841789051811086
2021-11-30 02:00:40.000 UTC,0.8023569691031196
2021-11-29 02:05:02.000 UTC,0.6830074338181723
2021-11-28 02:05:36.000 UTC,0.5168005469921922
2021-11-27 02:05:02.000 UTC,1.1293368262579042
2021-11-26 02:05:09.000 UTC,0.5852431282479429
2021-11-25 02:00:02.000 UTC,-0.9150859415162234
2021-11-24 02:01:41.000 UTC,-2.553694590725665
2021-11-23 02:01:02.000 UTC,-2.5541571124927303
2021-11-22 02:04:57.000 UTC,-2.1600668591918377
2021-11-21 02:00:10.000 UTC,-2.100159369810622
2021-11-20 02:00:01.000 UTC,-2.361827011302597
2021-11-19 02:00:45.000 UTC,-2.3766645784405727
2021-11-18 02:06:52.000 UTC,-2.204086894071686
2021-11-17 02:05:04.000 UTC,-2.0798053433758024
2021-11-16 02:00:38.000 UTC,-1.5399570764607233
2021-11-15 02:00:15.000 UTC,-1.3160354804947012
2021-11-14 02:00:34.000 UTC,-1.0037408512747223
2021-11-13 02:01:33.000 UTC,0.0
2021-11-12 02:05:33.000 UTC,0.0
2021-11-11 02:00:34.000 UTC,2.2529112852650015
2021-11-10 02:00:01.000 UTC,4.2028059633017385
2021-11-09 02:00:51.000 UTC,5.705744323313553
2021-11-08 02:06:12.000 UTC,4.7043510064982215
2021-11-07 02:06:00.000 UTC,3.977308572395441
2021-11-06 02:00:03.000 UTC,4.4386818257605825
2021-11-05 02:00:38.000 UTC,4.561468645213469
2021-11-04 02:04:52.000 UTC,6.677919311822963
2021-11-03 02:00:04.000 UTC,6.872643698633
2021-11-02 02:02:58.000 UTC,7.287839268329274
2021-11-01 02:06:24.000 UTC,7.015121844946497
2021-10-31 02:05:10.000 UTC,6.213114012020297
2021-10-30 02:06:22.000 UTC,3.8471774701818813
2021-10-29 02:00:40.000 UTC,2.633789580858441
2021-10-28 02:05:03.000 UTC,3.2983333394649073
2021-10-27 02:00:11.000 UTC,6.949511050313275
2021-10-26 02:05:00.000 UTC,7.858367357693262
2021-10-25 02:05:00.000 UTC,5.8185893508072155
2021-10-24 02:04:33.000 UTC,5.63083103227543
2021-10-23 02:01:24.000 UTC,4.6300805156892935
2021-10-22 02:04:10.000 UTC,3.3833047327415833
2021-10-21 02:01:12.000 UTC,2.0684560007811394
2021-10-20 02:05:01.000 UTC,0.7836133998733911
2021-10-19 02:00:30.000 UTC,0.0
2021-10-18 02:00:49.000 UTC,0.5192561288439237
2021-10-17 02:06:35.000 UTC,0.5605997600716404
2021-10-16 02:05:03.000 UTC,0.0
2021-10-15 02:05:00.000 UTC,0.0
2021-10-14 02:00:15.000 UTC,0.0
2021-10-13 02:04:53.000 UTC,-0.75106413975147
2021-10-12 02:04:28.000 UTC,0.0
2021-10-11 02:00:01.000 UTC,0.6573804436869976
2021-10-10 02:05:04.000 UTC,0.0
2021-10-09 02:05:00.000 UTC,0.0
2021-10-08 02:00:02.000 UTC,0.0
2021-10-07 02:04:53.000 UTC,-0.5437706944282285
2021-10-06 02:00:01.000 UTC,0.0
2021-10-05 02:04:52.000 UTC,0.0
2021-10-04 02:00:04.000 UTC,1.127954935520928
2021-10-03 02:04:59.000 UTC,1.3549491223588073
2021-10-02 02:00:05.000 UTC,0.0
2021-10-01 02:00:01.000 UTC,-1.0829010515739752
2021-09-30 02:01:19.000 UTC,-1.0880664295699545
2021-09-29 02:00:36.000 UTC,-1.1733351990996885
2021-09-28 02:05:02.000 UTC,-0.9717774335090984
2021-09-27 02:04:55.000 UTC,-1.244799651345143
2021-09-26 02:05:07.000 UTC,-1.1493153987454285
2021-09-25 02:04:22.000 UTC,-1.24586998328571
2021-09-24 02:00:23.000 UTC,-0.9753192957286063
2021-09-23 02:04:45.000 UTC,-1.185533749239914
2021-09-22 02:04:35.000 UTC,-1.6058107969294932
2021-09-21 02:00:07.000 UTC,-1.464858087290128
2021-09-20 02:01:44.000 UTC,-1.0201494618190934
2021-09-19 02:04:57.000 UTC,-1.1854530270212202
2021-09-18 02:06:58.000 UTC,-1.4474077421238005
2021-09-17 02:00:37.000 UTC,-0.7530523715432809
2021-09-16 02:05:01.000 UTC,-0.5276924606997219
2021-09-15 02:05:01.000 UTC,-0.6297105148509544
2021-09-14 02:01:21.000 UTC,-1.1202082939296594
2021-09-13 02:00:01.000 UTC,-1.0634027395059766
2021-09-12 02:04:55.000 UTC,-1.269286972875292
2021-09-11 02:05:11.000 UTC,-1.2768882873403677
2021-09-10 02:00:02.000 UTC,-1.0010495203099692
2021-09-09 02:17:32.000 UTC,-1.138637984359234
2021-09-08 02:00:48.000 UTC,-1.505139086610947
2021-09-07 02:00:17.000 UTC,-1.129429651011199
2021-09-06 02:00:05.000 UTC,-1.1120167802549266
2021-09-05 02:00:14.000 UTC,-0.835610439170377
2021-09-04 02:00:11.000 UTC,-0.6641677316718997
2021-09-03 02:00:17.000 UTC,-0.6196158092907529
2021-09-02 02:00:17.000 UTC,0.0
2021-09-01 02:00:15.000 UTC,-0.63950246428595
2021-08-31 02:05:24.000 UTC,-0.778470648260595
2021-08-30 02:01:06.000 UTC,-1.0866547392082888
2021-08-29 02:00:16.000 UTC,-0.6679068912987128
2021-08-28 02:00:12.000 UTC,-1.1019684047001144
2021-08-27 02:01:13.000 UTC,-1.1853733496377907
2021-08-26 02:00:16.000 UTC,-1.201806255054085
2021-08-25 02:00:14.000 UTC,-0.999169013391916
2021-08-24 02:00:16.000 UTC,-1.1507317356742621
2021-08-23 02:00:19.000 UTC,-1.3853543874352188
2021-08-22 02:00:15.000 UTC,-1.1123144292018823
2021-08-21 02:00:05.000 UTC,-0.9713663887292275
2021-08-20 02:00:19.000 UTC,-1.2536719015461166
2021-08-19 02:00:16.000 UTC,-1.1067067602724727
2021-08-18 02:00:39.000 UTC,-0.9270610193135399
2021-08-17 02:00:39.000 UTC,-0.5259186175878917
2021-08-16 02:00:07.000 UTC,0.0
2021-08-15 02:00:36.000 UTC,0.0
2021-08-14 02:00:18.000 UTC,0.0
2021-08-13 02:00:36.000 UTC,0.0
2021-08-12 02:00:01.000 UTC,0.0
2021-08-11 02:00:01.000 UTC,0.0
2021-08-10 02:00:10.000 UTC,0.0
2021-08-09 02:00:19.000 UTC,0.7643660726050057
2021-08-08 02:00:56.000 UTC,1.035824802029215
2021-08-07 02:00:03.000 UTC,0.0
2021-08-06 02:00:37.000 UTC,0.0
2021-08-05 02:00:16.000 UTC,-0.5163372227437644
2021-08-04 02:01:25.000 UTC,-1.0821016283488447
2021-08-03 02:05:31.000 UTC,-0.8081577055519761
2021-08-02 02:00:17.000 UTC,0.0
2021-08-01 02:00:15.000 UTC,-1.045799003677698
2021-07-31 02:00:11.000 UTC,-1.7092543545341128
2021-07-30 02:03:24.000 UTC,-1.6598732331788428
2021-07-29 02:00:20.000 UTC,-0.6748271537070246
2021-07-28 02:00:09.000 UTC,0.91462749348777
2021-07-27 02:00:32.000 UTC,5.214644693540935
2021-07-26 02:02:32.000 UTC,6.993021692470091
2021-07-25 02:00:20.000 UTC,4.49509306103225
2021-07-24 02:00:58.000 UTC,2.904072466148997
2021-07-23 02:00:12.000 UTC,0.0
2021-07-22 02:00:18.000 UTC,0.0
2021-07-21 02:01:09.000 UTC,-0.9125586932220252
2021-07-20 02:00:10.000 UTC,-1.031954558161328
2021-07-19 02:02:00.000 UTC,-0.8578231065835645
2021-07-18 02:00:51.000 UTC,-1.032854782734106
2021-07-17 02:00:27.000 UTC,-0.8440332702587291
2021-07-16 02:00:58.000 UTC,-0.6984459657994648
2021-07-15 02:00:15.000 UTC,-0.6845518799157511
2021-07-14 02:00:13.000 UTC,-0.6696873247044328
2021-07-13 02:00:36.000 UTC,0.0
2021-07-12 02:00:35.000 UTC,0.0
2021-07-11 02:00:04.000 UTC,-0.5849599112659922
2021-07-10 02:00:38.000 UTC,-0.9404650385743251
2021-07-09 02:00:12.000 UTC,-1.017079023802714
2021-07-08 02:00:16.000 UTC,-0.6800587693984683
2021-07-07 02:00:08.000 UTC,-0.5250812804889929
2021-07-06 02:00:14.000 UTC,0.0
2021-07-05 02:00:08.000 UTC,0.0
2021-07-04 02:00:21.000 UTC,-0.5867899024606876
2021-07-03 02:00:41.000 UTC,-1.2661018313868462
2021-07-02 02:00:49.000 UTC,-1.3624815974332027
2021-07-01 02:00:17.000 UTC,-1.3654602978260844
2021-06-30 02:01:00.000 UTC,-1.2238741248746934
2021-06-29 02:00:15.000 UTC,-1.5673161362505055
2021-06-28 02:03:00.000 UTC,-2.074716260516019
2021-06-27 02:00:22.000 UTC,-2.2457604667187683
2021-06-26 02:01:26.000 UTC,-1.8882789512561087
2021-06-25 02:03:22.000 UTC,-1.7532350947199262
2021-06-24 02:00:33.000 UTC,-1.9734984666235649
2021-06-23 02:06:01.000 UTC,-2.360409918001061
2021-06-22 02:00:02.000 UTC,-2.252393873994325
2021-06-21 02:03:36.000 UTC,-1.7715938096916517
2021-06-20 02:01:52.000 UTC,-1.5905100998656874
2021-06-19 02:02:03.000 UTC,-1.4998009412750002
2021-06-18 02:00:49.000 UTC,-1.037026495078149
2021-06-17 02:00:52.000 UTC,-0.6218117283262758
2021-06-16 02:00:24.000 UTC,0.0
2021-06-15 02:00:03.000 UTC,-0.7368947458034999
2021-06-14 02:06:47.000 UTC,-1.8226605315779068
2021-06-13 02:00:22.000 UTC,-2.064446465677817
2021-06-12 02:01:04.000 UTC,-1.7636725868553877
2021-06-11 02:00:16.000 UTC,-1.6261055099041206
2021-06-10 02:00:27.000 UTC,-1.5139317284058769
2021-06-09 02:00:05.000 UTC,-1.991294507560882
2021-06-08 02:00:44.000 UTC,-1.569402128344828
2021-06-07 02:00:03.000 UTC,-1.6805382438486312
2021-06-06 02:00:23.000 UTC,-1.5945220912823044
2021-06-05 02:01:13.000 UTC,-1.5259503326261763
2021-06-04 02:00:05.000 UTC,-1.1369965852495343
2021-06-03 02:00:17.000 UTC,-1.439198506723185
2021-06-02 02:00:30.000 UTC,-1.6246265515981169
2021-06-01 02:00:14.000 UTC,-1.971189085891669
2021-05-31 02:05:32.000 UTC,-2.380716805919536
2021-05-30 02:00:34.000 UTC,-2.2658407521265227
2021-05-29 02:01:11.000 UTC,-2.431148542053781
2021-05-28 02:02:39.000 UTC,-2.594259209302462
2021-05-27 02:00:09.000 UTC,-3.0568293265109454
2021-05-26 02:00:25.000 UTC,-3.5025500761297645
2021-05-25 02:00:15.000 UTC,-4.109304627186752
2021-05-24 02:02:42.000 UTC,-4.61778608658424
2021-05-23 02:00:20.000 UTC,-3.9398377870158963
2021-05-22 02:00:10.000 UTC,-3.50819390951006
2021-05-21 02:00:02.000 UTC,-3.3255705387042664
2021-05-20 02:00:15.000 UTC,-3.1653973134467033
2021-05-19 02:04:50.000 UTC,-2.0051488737967276
2021-05-18 02:01:23.000 UTC,-2.112984593181981
2021-05-17 02:02:00.000 UTC,-1.5492075161549497
2021-05-16 02:00:39.000 UTC,-0.7870083435874663
2021-05-15 02:01:42.000 UTC,-0.5982565449401347
2021-05-14 02:00:37.000 UTC,-1.1382823636516837
2021-05-13 02:00:40.000 UTC,0.0
2021-05-12 02:00:09.000 UTC,0.6361574121350531
2021-05-11 02:00:12.000 UTC,1.7306667644274811
2021-05-10 02:00:48.000 UTC,1.7848793682194215
2021-05-09 02:00:24.000 UTC,2.607251479020578
2021-05-08 02:00:37.000 UTC,3.4533125310005204
2021-05-07 02:01:08.000 UTC,3.458701271771113
2021-05-06 02:01:04.000 UTC,2.6743508416980597
2021-05-05 02:01:26.000 UTC,1.9470022271483263
2021-05-04 02:04:13.000 UTC,1.1188833375196168
2021-05-03 02:00:17.000 UTC,0.6424227072416484
2021-05-02 02:00:19.000 UTC,1.08055508891494
2021-05-01 02:00:23.000 UTC,0.6791102603573056
2021-04-30 02:00:23.000 UTC,0.8350455045680013
2021-04-29 02:03:07.000 UTC,1.4784179021764365
2021-04-28 02:00:04.000 UTC,1.3997080820974774
2021-04-27 02:00:41.000 UTC,1.5559371562629616
2021-04-26 02:00:43.000 UTC,1.3271456558943004
2021-04-25 02:00:14.000 UTC,0.0
2021-04-24 02:00:31.000 UTC,0.0
2021-04-23 02:00:07.000 UTC,2.332061743569806
2021-04-22 02:04:37.000 UTC,3.658994080136505
2021-04-21 02:02:06.000 UTC,2.0755995150899493
2021-04-20 02:00:21.000 UTC,1.4993277878968772
2021-04-19 02:00:17.000 UTC,0.9951728418354258
2021-04-18 02:00:38.000 UTC,2.295604623750921
2021-04-17 02:00:03.000 UTC,0.7185068610498211
2021-04-16 02:05:48.000 UTC,0.6245431991346587
2021-04-15 02:05:18.000 UTC,0.0
2021-04-14 02:02:00.000 UTC,0.0
2021-04-13 02:02:43.000 UTC,-0.6377534206388478
2021-04-12 02:01:30.000 UTC,0.0
2021-04-11 02:01:48.000 UTC,0.0
2021-04-10 02:00:14.000 UTC,0.0
2021-04-09 02:04:38.000 UTC,-0.7386024151805483
2021-04-08 02:01:37.000 UTC,0.0
2021-04-07 02:01:02.000 UTC,0.0
2021-04-06 02:00:58.000 UTC,-0.9005823647008773
2021-04-05 02:02:14.000 UTC,0.0
2021-04-04 02:00:16.000 UTC,0.8077162723204825
2021-04-03 02:00:51.000 UTC,0.0
2021-04-02 02:01:15.000 UTC,-1.572599337372495
2021-04-01 02:00:12.000 UTC,-1.666381269575522
2021-03-31 02:00:16.000 UTC,-1.5444642224535994
2021-03-30 02:00:12.000 UTC,-1.7952606120896915
2021-03-29 02:00:26.000 UTC,-2.1027272950574925
2021-03-28 02:00:19.000 UTC,-1.776393350356947
2021-03-27 02:00:22.000 UTC,-2.1020542215698175
2021-03-26 02:00:19.000 UTC,-2.3023456281846677
2021-03-25 02:00:18.000 UTC,-1.9106202895392614
2021-03-24 02:00:46.000 UTC,-1.9208130273442088
2021-03-23 02:00:20.000 UTC,-1.4468953253599797
2021-03-22 02:02:05.000 UTC,-1.423946138491704
2021-03-21 02:00:03.000 UTC,-0.9915638183966349
2021-03-20 02:00:54.000 UTC,-1.568213424192826
2021-03-19 02:00:02.000 UTC,-1.7582299718226135
2021-03-18 02:00:43.000 UTC,-1.6788024774238732
2021-03-17 02:00:09.000 UTC,-1.6320528832772698
2021-03-16 02:00:04.000 UTC,-1.1219836920883774
2021-03-15 02:00:59.000 UTC,-0.6027446874200867
2021-03-14 02:00:52.000 UTC,-0.6063095085929107
2021-03-13 02:00:04.000 UTC,-1.2094389175056373
2021-03-12 02:01:08.000 UTC,-0.9082444555932775
2021-03-11 02:00:55.000 UTC,0.0
2021-03-10 02:00:27.000 UTC,0.0
2021-03-09 02:00:12.000 UTC,0.0
2021-03-08 02:00:30.000 UTC,0.0
2021-03-07 02:00:15.000 UTC,0.0
2021-03-06 02:00:10.000 UTC,-1.4400036632253166
2021-03-05 02:00:17.000 UTC,-1.2877498842500406
2021-03-04 02:00:16.000 UTC,-1.2456291587702308
2021-03-03 02:00:02.000 UTC,-1.5234907567748357
2021-03-02 02:00:28.000 UTC,-1.686675874904505
2021-03-01 02:00:04.000 UTC,-2.5201407743113275
2021-02-28 02:00:15.000 UTC,-2.0716971088282867
2021-02-27 02:02:09.000 UTC,-2.33571685812634
2021-02-26 02:00:41.000 UTC,-1.6826832056956844
2021-02-25 02:02:41.000 UTC,-1.2187181620819134
2021-02-24 02:00:32.000 UTC,-1.3742061066963214
2021-02-23 02:00:34.000 UTC,-0.786202125370221
2021-02-22 02:00:01.000 UTC,0.0
2021-02-21 02:01:22.000 UTC,0.8335818265670255
2021-02-20 02:00:45.000 UTC,1.5945807885186072
2021-02-19 02:00:05.000 UTC,1.2060529556656077
2021-02-18 02:00:34.000 UTC,1.1294494990310529
2021-02-17 02:00:02.000 UTC,0.7830406497598819
2021-02-16 02:02:10.000 UTC,-0.5537870095134071
2021-02-15 02:00:25.000 UTC,0.0
2021-02-14 02:00:40.000 UTC,1.7458724283646498
2021-02-13 02:00:16.000 UTC,2.851427207084568
2021-02-12 02:00:08.000 UTC,3.496151982827904
2021-02-11 02:04:07.000 UTC,3.290160265200596
2021-02-10 02:00:56.000 UTC,3.4789542371185114
2021-02-09 02:00:01.000 UTC,3.4995917722359775
2021-02-08 02:00:48.000 UTC,3.45153848382895
2021-02-07 02:00:24.000 UTC,4.989363429696609
2021-02-06 02:00:17.000 UTC,5.041902811661513
2021-02-05 02:00:01.000 UTC,5.062759971254813
2021-02-04 02:00:17.000 UTC,3.3999135070305635
2021-02-03 02:00:03.000 UTC,3.374647454309413
2021-02-02 02:00:04.000 UTC,2.578639914137301
2021-02-01 02:00:25.000 UTC,0.9669303575822605
2021-01-31 02:00:28.000 UTC,0.0
2021-01-30 02:00:13.000 UTC,0.0
2021-01-29 02:00:26.000 UTC,0.0
2021-01-28 02:00:15.000 UTC,0.0
2021-01-27 02:00:16.000 UTC,0.0
2021-01-26 02:00:04.000 UTC,0.7353224748181411
2021-01-25 02:00:30.000 UTC,0.0
2021-01-24 02:00:29.000 UTC,0.0
2021-01-23 02:00:28.000 UTC,-0.9641887856509386
2021-01-22 02:16:00.000 UTC,-0.872647377431093
2021-01-21 02:00:27.000 UTC,0.0
2021-01-20 02:00:15.000 UTC,1.4517514852183167
2021-01-19 02:00:16.000 UTC,0.0
2021-01-18 02:00:38.000 UTC,-1.0630428812015118
2021-01-17 02:00:19.000 UTC,-1.310448156092844
2021-01-16 02:00:18.000 UTC,-1.3875009860962806
2021-01-15 02:00:08.000 UTC,-0.9824639132721658
2021-01-14 02:00:09.000 UTC,-1.6944898944579256
2021-01-13 02:00:37.000 UTC,-2.0009290179387706
2021-01-12 02:00:06.000 UTC,-2.171124239648574
2021-01-11 02:00:39.000 UTC,0.0
2021-01-10 02:00:11.000 UTC,0.0
2021-01-09 02:00:08.000 UTC,0.5331088049496947
2021-01-08 02:00:19.000 UTC,1.1164605293502334
2021-01-07 02:00:11.000 UTC,0.0
2021-01-06 02:00:33.000 UTC,0.0
2021-01-05 02:00:30.000 UTC,0.9870088720701133
2021-01-04 02:00:16.000 UTC,0.5810081684791496
2021-01-03 02:00:09.000 UTC,0.0
2021-01-02 02:00:12.000 UTC,-0.5614303487731201
2021-01-01 02:00:45.000 UTC,0.0
2020-12-31 02:00:15.000 UTC,0.0
2020-12-30 02:00:15.000 UTC,-0.6504182703862224
2020-12-29 02:00:18.000 UTC,0.0
2020-12-28 02:00:15.000 UTC,-0.6949852525472545
2020-12-27 02:00:56.000 UTC,-1.0113431104417092
2020-12-26 02:00:35.000 UTC,-1.548449850044935
2020-12-25 02:00:05.000 UTC,-2.25679630097843
2020-12-24 02:00:13.000 UTC,-1.4946171612314905
2020-12-23 02:00:10.000 UTC,-1.811470439553205
2020-12-22 02:00:03.000 UTC,-1.8621278947851432
2020-12-21 02:00:22.000 UTC,-1.2212515427352564
2020-12-20 02:00:09.000 UTC,-0.9553262593017517
2020-12-19 02:00:34.000 UTC,0.0
2020-12-18 02:00:09.000 UTC,0.0
2020-12-17 02:00:16.000 UTC,0.0
2020-12-16 02:00:17.000 UTC,0.0
2020-12-15 02:00:02.000 UTC,0.0
2020-12-14 02:00:16.000 UTC,0.0
2020-12-13 02:00:47.000 UTC,-1.2159459619814657
2020-12-12 02:00:08.000 UTC,-1.5653333457813259
2020-12-11 02:00:15.000 UTC,-0.5829692623799131
2020-12-10 02:00:15.000 UTC,-0.5159644926883832
2020-12-09 02:00:15.000 UTC,1.6522212523925708
2020-12-08 02:00:13.000 UTC,2.740837852549151
2020-12-07 02:00:12.000 UTC,2.6330121131408997
2020-12-06 02:00:08.000 UTC,3.2025873874543445
2020-12-05 02:00:12.000 UTC,4.036934328539395
2020-12-04 02:00:07.000 UTC,6.086481399954062
2020-12-03 02:00:02.000 UTC,5.397986782903767
2020-12-02 02:00:10.000 UTC,4.914053837538516
2020-12-01 02:00:16.000 UTC,4.1690469266433885
2020-11-30 02:00:36.000 UTC,3.079371400789296
2020-11-29 02:00:03.000 UTC,2.144081359518751
2020-11-28 02:00:02.000 UTC,2.092845205235488
2020-11-27 02:00:04.000 UTC,1.8205141903483655
2020-11-26 02:00:05.000 UTC,2.561831413981385
2020-11-25 02:00:18.000 UTC,1.99384820083601
2020-11-24 02:00:14.000 UTC,1.300501211196007
2020-11-23 02:00:12.000 UTC,1.6186340938065307
2020-11-22 02:00:05.000 UTC,1.072076134313967
2020-11-21 02:00:10.000 UTC,0.0
2020-11-20 02:00:01.000 UTC,-0.8149446277872524
2020-11-19 02:00:08.000 UTC,0.0
2020-11-18 02:00:21.000 UTC,0.0
2020-11-17 02:00:17.000 UTC,0.0
2020-11-16 02:00:04.000 UTC,0.5845196461308143
2020-11-15 02:00:20.000 UTC,1.1946016692627917
2020-11-14 02:00:16.000 UTC,1.0891599671779777
2020-11-13 02:00:34.000 UTC,1.177783027812766
2020-11-12 02:00:17.000 UTC,2.11267065552211
2020-11-11 02:00:09.000 UTC,1.9898538498726008
2020-11-10 02:00:12.000 UTC,2.3694665539160793
2020-11-09 02:00:07.000 UTC,2.6478589991906416
2020-11-08 02:00:09.000 UTC,2.8328558125604655
2020-11-07 02:00:15.000 UTC,3.0225392390657486
2020-11-06 02:00:16.000 UTC,2.2110545953321887
2020-11-05 02:01:16.000 UTC,1.9388172541302744
2020-11-04 02:00:15.000 UTC,1.3523237355950257
2020-11-03 02:00:04.000 UTC,1.01719032472162
2020-11-02 02:00:15.000 UTC,0.0
2020-11-01 02:00:18.000 UTC,0.0
2020-10-31 02:00:18.000 UTC,-0.976830721226437
2020-10-30 02:00:08.000 UTC,0.5760335206133489
2020-10-29 02:00:02.000 UTC,0.6039968640650467
2020-10-28 02:00:47.000 UTC,1.6454061190352498
2020-10-27 02:00:20.000 UTC,1.767819861898904
2020-10-26 02:00:16.000 UTC,2.568156433279789
2020-10-25 02:00:08.000 UTC,1.5048031434171196
2020-10-24 02:00:05.000 UTC,0.9650169511187124
2020-10-23 02:00:08.000 UTC,0.9391410613671288
2020-10-22 02:00:04.000 UTC,0.0
2020-10-21 02:00:22.000 UTC,-0.7748229808289313
2020-10-20 02:00:09.000 UTC,0.0
2020-10-19 02:00:28.000 UTC,1.8781796686290366
2020-10-18 02:00:18.000 UTC,1.864336224294172
2020-10-17 02:00:15.000 UTC,-0.9739859883730548
2020-10-16 02:01:53.000 UTC,-0.8016600604047
2020-10-15 02:00:21.000 UTC,-1.5161396194448866
2020-10-14 02:00:12.000 UTC,-2.27415895519566
2020-10-13 02:00:09.000 UTC,-2.038626938289437
2020-10-12 02:00:22.000 UTC,-1.8185789721465804
2020-10-11 02:00:22.000 UTC,-1.8534374278161463
2020-10-10 02:00:40.000 UTC,-2.511895553724978
2020-10-09 02:00:18.000 UTC,-2.9103966832363013
2020-10-08 02:00:19.000 UTC,-2.8915416763255326
2020-10-07 02:00:16.000 UTC,-2.357756519892392
2020-10-06 02:00:18.000 UTC,-1.972019562379524
2020-10-05 02:00:17.000 UTC,-1.321991796069643
2020-10-04 02:00:19.000 UTC,-0.6957610447082624
2020-10-03 02:00:23.000 UTC,-1.5886123543624384
2020-10-02 02:00:06.000 UTC,-2.3858856493519585
2020-10-01 02:00:20.000 UTC,-3.5363868755705106
2020-09-30 02:00:16.000 UTC,-3.5574640835632056
2020-09-29 02:00:04.000 UTC,-3.2694980719033184
2020-09-28 02:00:25.000 UTC,-3.0595319512740815
2020-09-27 02:00:16.000 UTC,-2.8500416176472627
2020-09-26 02:00:23.000 UTC,-2.64879064195598
2020-09-25 02:01:01.000 UTC,-3.0351601679126867
2020-09-24 02:00:23.000 UTC,-3.012682241652536
2020-09-23 02:00:29.000 UTC,-3.314521875408051
2020-09-22 02:00:30.000 UTC,-3.1348831631523737
2020-09-21 02:00:12.000 UTC,-2.538718332590078
2020-09-20 02:00:17.000 UTC,-2.059638957877612
2020-09-19 02:00:32.000 UTC,-2.1194852937121045
2020-09-18 02:00:10.000 UTC,-2.48177668372704
2020-09-17 02:00:19.000 UTC,-2.6875996652421876
2020-09-16 02:00:22.000 UTC,-2.253348674907596
2020-09-15 02:00:10.000 UTC,-1.8987929476853866
2020-09-14 02:00:33.000 UTC,-2.732643530838121
2020-09-13 02:00:04.000 UTC,-1.6069730005137532
2020-09-12 02:00:07.000 UTC,-0.8149307354534606
2020-09-11 02:00:49.000 UTC,0.0
2020-09-10 02:00:02.000 UTC,-2.5487632092987806
2020-09-09 02:00:11.000 UTC,-3.302810044385569
2020-09-08 02:00:01.000 UTC,-2.849742944762651
2020-09-07 02:00:02.000 UTC,-3.3885346058124024
2020-09-06 02:00:14.000 UTC,-2.8838781937030116
2020-09-05 02:00:28.000 UTC,-2.42286102532472
2020-09-04 02:00:29.000 UTC,0.0
2020-09-03 02:00:20.000 UTC,4.316320682709142
2020-09-02 02:00:07.000 UTC,12.26173564765851
2020-09-01 02:01:05.000 UTC,8.730052704575543
2020-08-31 02:00:18.000 UTC,5.757657760258741
2020-08-30 02:00:10.000 UTC,0.0
2020-08-29 02:00:20.000 UTC,-2.580235313693011
2020-08-28 02:00:11.000 UTC,-3.7106840229141276
2020-08-27 02:00:19.000 UTC,-3.5356139752707914
2020-08-26 02:00:24.000 UTC,-3.472915075738503
2020-08-25 02:08:36.000 UTC,-2.534096555221039
2020-08-24 02:00:03.000 UTC,-2.2604350565707696
2020-08-23 02:00:03.000 UTC,-2.771035839076993
2020-08-22 02:00:42.000 UTC,-2.4247826492095856
2020-08-21 02:00:24.000 UTC,-3.83143222108155
2020-08-20 02:00:40.000 UTC,-3.9256760035337743
2020-08-19 02:00:18.000 UTC,-4.061065404022064
2020-08-18 02:00:03.000 UTC,-4.140505365245678
2020-08-17 02:00:05.000 UTC,-3.8055424200237202
2020-08-16 02:00:07.000 UTC,-3.3874670239545686
2020-08-15 02:00:07.000 UTC,-3.0928140079680206
2020-08-14 02:00:20.000 UTC,-2.3867832246914165
2020-08-13 02:00:26.000 UTC,-1.2533443215439186
2020-08-12 02:00:16.000 UTC,-3.2535785511276245
2020-08-11 02:00:01.000 UTC,-2.2799440319477413
2020-08-10 02:00:16.000 UTC,-3.1973557226067055
2020-08-09 02:00:29.000 UTC,-3.55854226305627
2020-08-08 02:00:06.000 UTC,-2.771132301425167
2020-08-07 02:00:16.000 UTC,-2.45373957528429
2020-08-06 02:00:02.000 UTC,-1.5684945262353418
2020-08-05 02:00:54.000 UTC,-1.5674280174184838
2020-08-04 02:00:07.000 UTC,0.0
2020-08-03 02:00:08.000 UTC,1.6164478574225676
2020-08-02 02:00:24.000 UTC,2.142235036557388
2020-08-01 02:00:14.000 UTC,-1.8136950880517044
2020-07-31 02:00:10.000 UTC,-2.082546795746603
2020-07-30 02:00:06.000 UTC,3.8836142110107406
2020-07-29 02:00:05.000 UTC,7.8656651249942255
2020-07-28 02:00:01.000 UTC,12.935110846143568
2020-07-27 02:00:09.000 UTC,16.018529035763716
2020-07-26 02:00:21.000 UTC,13.786489033506893
2020-07-25 02:00:24.000 UTC,10.119368738101223
2020-07-24 02:00:15.000 UTC,8.676501269284147
2020-07-23 02:00:13.000 UTC,14.515240718238086
2020-07-22 02:00:07.000 UTC,16.671763133947934
2020-07-21 02:00:43.000 UTC,18.164403404821968
2020-07-20 02:00:03.000 UTC,15.611793201795148
2020-07-19 02:00:43.000 UTC,14.823601000361656
2020-07-18 02:00:01.000 UTC,15.17927189965382
2020-07-17 02:00:11.000 UTC,9.210762199214894
2020-07-16 02:00:12.000 UTC,6.500663058267873
2020-07-15 02:00:32.000 UTC,6.376707063083624
2020-07-14 02:03:28.000 UTC,14.415207817069632
2020-07-13 02:00:07.000 UTC,27.19013908764923
2020-07-12 02:03:47.000 UTC,21.32696855755177
2020-07-11 02:04:18.000 UTC,19.398785668481786
2020-07-10 02:00:20.000 UTC,15.602519998364746
2020-07-09 02:00:13.000 UTC,10.787125466226062
2020-07-08 02:04:05.000 UTC,8.756216354409078
2020-07-07 02:01:55.000 UTC,8.965993759592763
2020-07-06 02:03:44.000 UTC,10.771150983601215
2020-07-05 02:03:06.000 UTC,10.82973728773421
2020-07-04 02:02:10.000 UTC,8.851093944385285
2020-07-03 02:03:30.000 UTC,13.010413216343247
2020-07-02 02:04:09.000 UTC,15.278760693663294
2020-07-01 02:04:11.000 UTC,9.646186859958643
2020-06-30 02:03:59.000 UTC,6.496801207114089
2020-06-29 02:03:46.000 UTC,3.130435472073775
2020-06-28 02:04:19.000 UTC,2.6945359898787222
2020-06-27 02:04:03.000 UTC,1.186160706846867
2020-06-26 02:04:12.000 UTC,1.4077642846368323
2020-06-25 02:03:43.000 UTC,0.9288154238160091
2020-06-24 02:03:58.000 UTC,0.0
2020-06-23 02:09:04.000 UTC,0.0
2020-06-22 02:03:48.000 UTC,0.0
2020-06-21 02:03:51.000 UTC,0.0
2020-06-20 02:04:01.000 UTC,0.0
2020-06-19 02:04:01.000 UTC,0.0
2020-06-18 02:04:09.000 UTC,0.0
2020-06-17 02:03:58.000 UTC,0.0
2020-06-16 02:04:03.000 UTC,-0.7622476355758095
2020-06-15 02:04:02.000 UTC,-0.6852173168869611
2020-06-14 02:04:00.000 UTC,-0.8656423058137567
2020-06-13 02:04:03.000 UTC,-0.7745952125145928
2020-06-12 02:03:57.000 UTC,-0.8926971753124862
2020-06-11 02:04:02.000 UTC,-1.0306278957401172
2020-06-10 02:03:56.000 UTC,-0.8852291662610048
2020-06-09 02:03:44.000 UTC,-0.7709805280784637
2020-06-08 02:04:02.000 UTC,-0.5009016241958366
2020-06-07 02:03:56.000 UTC,0.0
2020-06-06 02:04:07.000 UTC,0.0
2020-06-05 02:04:05.000 UTC,-0.5734229255538105
2020-06-04 02:02:10.000 UTC,0.0
2020-06-03 02:02:42.000 UTC,0.0
2020-06-02 02:02:01.000 UTC,0.0
2020-06-01 02:02:32.000 UTC,0.0
2020-05-31 02:02:49.000 UTC,0.0
2020-05-30 02:02:00.000 UTC,0.0
2020-05-29 02:04:08.000 UTC,0.0
2020-05-28 02:02:40.000 UTC,-0.666463342637397
2020-05-27 02:01:40.000 UTC,-0.7022529146553672
2020-05-26 02:02:54.000 UTC,0.0
2020-05-25 02:02:00.000 UTC,0.0
2020-05-24 02:01:59.000 UTC,0.6726116900503066
2020-05-23 02:01:36.000 UTC,1.3119425997854917
2020-05-22 02:02:01.000 UTC,1.2341122159517524
2020-05-21 02:01:56.000 UTC,1.5870686647154775
2020-05-20 02:02:02.000 UTC,1.598614047944155
2020-05-19 02:02:01.000 UTC,1.2262301281424637
2020-05-18 02:02:00.000 UTC,0.6702256933982346
2020-05-17 02:02:02.000 UTC,0.0
2020-05-16 02:02:22.000 UTC,-0.73654092185489
2020-05-15 02:02:04.000 UTC,-1.0012228672687087
2020-05-14 02:02:11.000 UTC,-1.0349430386763985
2020-05-13 02:02:18.000 UTC,-1.2404776684309178
2020-05-12 02:02:00.000 UTC,-1.1659738603232892
2020-05-11 02:02:11.000 UTC,-1.5593142551063626
2020-05-10 02:02:24.000 UTC,-0.8253721960581727
2020-05-09 02:02:06.000 UTC,0.7528909393370006
2020-05-08 02:01:56.000 UTC,1.224369898623712
2020-05-07 02:02:41.000 UTC,1.305562392746458
2020-05-06 02:02:38.000 UTC,1.3258481276262273
2020-05-05 02:02:01.000 UTC,1.07042169660605
2020-05-04 02:02:00.000 UTC,2.062903039557841
2020-05-03 02:01:54.000 UTC,3.144461495040644
2020-05-02 02:03:29.000 UTC,2.674621601057621
2020-05-01 02:02:25.000 UTC,3.060483662624105
2020-04-30 02:02:36.000 UTC,4.829714967083202
2020-04-29 02:02:06.000 UTC,4.058122109354108
2020-04-28 02:02:02.000 UTC,3.7219595152884786
2020-04-27 02:02:05.000 UTC,3.273791122314171
2020-04-26 02:02:13.000 UTC,2.454795334116328
2020-04-25 02:02:34.000 UTC,2.0823983700326156
2020-04-24 02:02:22.000 UTC,2.975074644616325
2020-04-23 02:01:55.000 UTC,2.6515291579412112
2020-04-22 02:02:28.000 UTC,1.6251585532538646
2020-04-21 02:02:14.000 UTC,1.6187028247684905
2020-04-20 02:02:43.000 UTC,1.6400858920057424
2020-04-19 02:02:39.000 UTC,1.3595354737583558
2020-04-18 02:02:29.000 UTC,1.3974037276752924
2020-04-17 02:02:23.000 UTC,1.0942091263596627
2020-04-16 02:01:56.000 UTC,0.6161040370522624
2020-04-15 02:02:54.000 UTC,0.6156410724599654
2020-04-14 02:02:04.000 UTC,0.0
2020-04-13 02:02:06.000 UTC,0.6044289765936509
2020-04-12 02:01:44.000 UTC,0.0
2020-04-11 02:01:58.000 UTC,1.0345799671552471
2020-04-10 02:02:07.000 UTC,1.4053660351088846
2020-04-09 02:02:03.000 UTC,1.8309923900907594
2020-04-08 02:02:07.000 UTC,2.0097367999176554
2020-04-07 02:02:15.000 UTC,2.2583478814522753
2020-04-06 02:02:04.000 UTC,2.2991843222135175
2020-04-05 02:03:07.000 UTC,2.006611308603099
2020-04-04 02:02:09.000 UTC,1.668330404225503
2020-04-03 02:02:15.000 UTC,2.4747566990351357
2020-04-02 02:02:16.000 UTC,1.8955360740833074
2020-04-01 02:02:49.000 UTC,1.0534464576589628
2020-03-31 02:02:04.000 UTC,0.7945760480612615
2020-03-30 02:02:07.000 UTC,0.7832428043071319
2020-03-29 02:01:36.000 UTC,2.3014814405092436
2020-03-28 02:02:15.000 UTC,2.901399041729318
2020-03-27 02:02:12.000 UTC,2.3660454058808926
2020-03-26 02:02:08.000 UTC,1.3041713947516942
2020-03-25 02:03:52.000 UTC,1.1971351223277618
2020-03-24 02:02:04.000 UTC,-1.5702261169742857
2020-03-23 02:02:05.000 UTC,-3.3986553728471045
2020-03-22 02:01:57.000 UTC,-3.30051861496523
2020-03-21 02:02:02.000 UTC,-3.303210594157884
2020-03-20 02:01:48.000 UTC,-4.056514362818892
2020-03-19 02:01:38.000 UTC,-4.853927862706043
2020-03-18 02:02:15.000 UTC,-4.865746291430663
2020-03-17 02:01:57.000 UTC,-4.986403627486539
2020-03-16 02:02:21.000 UTC,-4.561638982220145
2020-03-15 02:02:03.000 UTC,-4.313995077055066
2020-03-14 02:01:54.000 UTC,-4.02140208187136
2020-03-13 02:02:36.000 UTC,-1.735829051917818
2020-03-12 02:02:48.000 UTC,0.0
2020-03-11 02:01:52.000 UTC,1.3074863267670038
2020-03-10 02:02:03.000 UTC,1.7793628277461366
2020-03-09 02:01:59.000 UTC,3.4775216921800562
2020-03-08 02:02:11.000 UTC,4.855653982965821
2020-03-07 02:01:59.000 UTC,5.169116681243299
2020-03-06 02:02:18.000 UTC,5.596464198816989
2020-03-05 02:02:11.000 UTC,5.084611174626744
2020-03-04 02:02:01.000 UTC,2.969755432946026
2020-03-03 02:01:53.000 UTC,2.0285188894158
2020-03-02 02:01:53.000 UTC,1.5276795578513682
2020-03-01 02:01:56.000 UTC,1.8196247928411573
2020-02-29 02:02:25.000 UTC,1.8667569806509996
2020-02-28 02:01:38.000 UTC,1.3780994908836657
2020-02-27 02:02:04.000 UTC,1.6066639123254551
2020-02-26 02:02:05.000 UTC,2.427475494356504
2020-02-25 02:01:38.000 UTC,2.3141504289819834
2020-02-24 02:02:17.000 UTC,1.8441664111228402
2020-02-23 02:02:06.000 UTC,1.4184573847502262
2020-02-22 02:01:59.000 UTC,0.8661067218891757
2020-02-21 02:01:57.000 UTC,0.0
2020-02-20 02:01:41.000 UTC,0.8428566620660387
2020-02-19 02:01:59.000 UTC,0.6378703071000322
2020-02-18 02:02:31.000 UTC,0.5790129370845039
2020-02-17 02:02:10.000 UTC,0.0
2020-02-16 02:02:03.000 UTC,0.0
2020-02-15 02:01:55.000 UTC,0.6438480667938838
2020-02-14 02:01:29.000 UTC,0.5590441957920587
2020-02-13 02:02:19.000 UTC,0.5236473457549645
2020-02-12 02:02:33.000 UTC,0.0
2020-02-11 02:02:04.000 UTC,0.0
2020-02-10 02:03:00.000 UTC,0.0
2020-02-09 02:01:56.000 UTC,0.0
2020-02-08 02:02:15.000 UTC,0.0
2020-02-07 02:02:09.000 UTC,0.0
2020-02-06 02:01:34.000 UTC,0.0
2020-02-05 02:01:31.000 UTC,0.0
2020-02-04 02:02:02.000 UTC,0.0
2020-02-03 02:02:06.000 UTC,0.0
2020-02-02 02:01:32.000 UTC,0.0
2020-02-01 02:02:01.000 UTC,0.0
2020-01-31 02:02:20.000 UTC,0.0
2020-01-30 02:02:20.000 UTC,0.0
2020-01-29 02:02:18.000 UTC,0.0
2020-01-28 02:02:13.000 UTC,0.0
2020-01-27 02:01:54.000 UTC,0.0
2020-01-26 02:02:22.000 UTC,0.0
2020-01-25 02:02:02.000 UTC,0.0
2020-01-24 02:01:34.000 UTC,0.0
2020-01-23 02:01:51.000 UTC,0.0
2020-01-22 02:01:29.000 UTC,0.0
2020-01-21 02:02:02.000 UTC,0.0
2020-01-20 02:02:06.000 UTC,0.0
2020-01-19 02:01:27.000 UTC,0.0
2020-01-18 02:01:46.000 UTC,0.0
2020-01-17 02:02:02.000 UTC,0.0
2020-01-16 02:02:23.000 UTC,0.0
2020-01-15 02:02:00.000 UTC,0.0
2020-01-14 02:02:06.000 UTC,0.0
2020-01-13 02:02:01.000 UTC,0.0
2020-01-12 02:02:03.000 UTC,0.0
2020-01-11 02:02:09.000 UTC,0.0
2020-01-10 02:02:15.000 UTC,0.0
2020-01-09 02:02:06.000 UTC,0.0
2020-01-08 02:02:02.000 UTC,0.0
2020-01-07 02:02:15.000 UTC,0.0
2020-01-06 02:01:46.000 UTC,0.0
2020-01-05 02:01:46.000 UTC,0.0
2020-01-04 02:01:54.000 UTC,0.0
2020-01-03 02:02:11.000 UTC,0.0
2020-01-02 02:02:21.000 UTC,0.0
2020-01-01 02:02:02.000 UTC,
